target_week,yyyyww,n_coins,n_selected,selected,lam,aicc,n_pooled
372,202108,73,7,6 15 17 19 20 24 26,0.0032388442519831677,-7045.669064962708,2123
373,202109,74,9,6 15 16 17 18 19 20 24 26,0.002255452303459819,-7117.401346000681,2175
374,202110,76,10,5 6 15 16 17 18 19 20 24 26,0.0017545999681037499,-7208.772234726702,2226
375,202111,77,8,0 5 15 17 19 20 24 26,0.0015571970139238937,-7235.214565256018,2279
376,202112,85,10,0 5 12 15 16 17 19 20 24 26,0.0020398962613046635,-7386.870498464708,2333
377,202113,86,9,5 15 16 17 18 19 20 24 26,0.0019734502038139365,-7563.02920363351,2395
378,202114,91,9,5 15 16 17 18 19 20 24 26,0.0018171042419174307,-7724.5831881602135,2458
379,202115,94,8,5 16 17 18 19 20 24 26,0.0020563864761307246,-7936.411509713851,2526
380,202116,95,7,5 17 18 19 20 24 26,0.0019346509467938135,-8083.555146260483,2597
381,202117,96,7,5 17 18 19 20 24 26,0.0020601536977832876,-8331.67777748591,2669
382,202118,96,10,1 5 16 17 18 19 20 24 25 26,0.0010963623455503644,-8584.683270619158,2742
383,202119,96,9,1 5 17 18 19 20 24 25 26,0.0009692597108508015,-8638.817814056514,2815
384,202120,96,10,1 5 12 17 18 19 20 24 25 26,0.001295099760107864,-8890.940721203064,2888
385,202121,97,8,1 17 18 19 20 24 25 26,0.0013842012124137182,-9163.150081026124,2961
386,202122,97,8,1 17 18 19 20 24 25 26,0.001411861475397811,-9435.996115806502,3035
387,202123,97,8,1 17 18 19 20 24 25 26,0.0015900114046802016,-9719.178902774627,3109
388,202124,97,8,1 17 18 19 20 24 25 26,0.0015473053382111138,-10008.31083469761,3182
389,202125,98,9,1 16 17 18 19 20 24 25 26,0.001152028619912927,-10297.850740297272,3255
390,202126,98,8,1 17 18 19 20 24 25 26,0.001230541549535712,-10595.791340884838,3328
391,202127,98,7,17 18 19 20 24 25 26,0.001775754182683214,-10861.027562736303,3399
392,202128,98,8,16 17 18 19 20 24 25 26,0.0014393373090089367,-11082.919325420717,3469
393,202129,98,8,12 16 17 18 19 20 24 26,0.0013783467786966223,-11312.222748340093,3537
394,202130,99,8,12 16 17 18 19 20 24 26,0.0015903547256427707,-11575.577444408545,3604
395,202131,100,7,16 17 18 19 20 24 26,0.0011949135864160107,-11802.413157843528,3672
396,202132,101,7,16 17 18 19 20 24 26,0.0009716160547960668,-12045.515057615929,3740
397,202133,101,7,1 17 18 19 20 24 26,0.0011154737628617118,-12315.217308549269,3806
398,202134,103,7,16 17 18 19 20 24 26,0.0014249551756670812,-12544.998198330022,3873
399,202135,104,6,17 18 19 20 24 26,0.0015385546689850522,-12756.991793725765,3939
400,202136,105,7,16 17 18 19 20 24 26,0.0010104861333912446,-12980.790411167416,4006
401,202137,104,8,1 16 17 18 19 20 24 26,0.0007478469909532915,-13115.235540526946,4071
402,202138,105,7,16 17 18 19 20 24 26,0.001490362728155151,-13332.605056522507,4133
403,202139,105,8,16 17 18 19 20 24 25 26,0.0011173934463842008,-13572.326332389941,4193
404,202140,77,7,16 17 18 19 20 24 26,0.0011911896785416387,-13694.882178302838,4221
405,202141,110,7,16 17 18 19 20 24 26,0.0013086148037224795,-13796.339992337504,4247
406,202142,110,7,16 17 18 19 20 24 26,0.0006298560030249922,-14045.150290270212,4305
407,202143,111,8,16 17 18 19 20 24 25 26,0.001361840093974901,-14252.02270093669,4361
408,202144,112,8,16 17 18 19 20 24 25 26,0.0008225692926447742,-14450.852190315883,4415
409,202145,110,7,17 18 19 20 24 25 26,0.002105036596672693,-14470.739951907792,4465
410,202146,111,7,16 18 19 20 24 25 26,0.0018953079525241133,-14612.281305520099,4514
411,202147,111,5,17 18 19 20 26,0.0027186138755324564,-14727.802256889496,4564
412,202148,112,6,18 19 20 24 25 26,0.001977617093825845,-14849.61070713684,4614
413,202149,112,7,17 18 19 20 24 25 26,0.0022061680072803513,-15134.788037465883,4686
414,202150,112,7,17 18 19 20 24 25 26,0.0021108304032932765,-15433.219441642581,4759
415,202151,113,8,16 17 18 19 20 24 25 26,0.0016614589617261772,-15648.523536467219,4806
416,202152,113,7,16 18 19 20 24 25 26,0.0017822401149841655,-15853.783110852673,4854
417,202201,114,7,16 18 19 20 24 25 26,0.0017299499017599965,-16107.464680727364,4901
418,202202,115,7,16 18 19 20 24 25 26,0.0013982597264062676,-16444.506356011643,4949
419,202203,115,8,16 17 18 19 20 24 25 26,0.0011976011952920015,-16748.227141344312,4997
420,202204,116,8,13 16 18 19 20 24 25 26,0.0012259096278106592,-17038.19543736383,5044
421,202205,116,4,18 19 25 26,0.0020879145393210463,-17710.241648319854,5091
422,202206,116,3,19 25 26,0.004115245620576617,-17996.334763136754,5136
423,202207,118,10,1 10 16 17 18 19 20 24 25 26,0.0006976805651232181,-18523.796824112716,5181
424,202208,118,4,0 19 25 26,0.003821940970455677,-18860.75692924457,5227
425,202209,119,11,0 1 10 16 17 18 19 24 25 26 27,0.0014210998391435915,-19277.060131344366,5272
426,202210,119,3,19 25 27,0.004742336375425053,-19634.833377530664,5317
427,202211,119,10,1 4 16 17 18 19 24 25 26 27,0.0009592430871836417,-20124.091557164284,5360
428,202212,120,0,,0.007719195832268218,-20358.757026091822,5402
429,202213,120,10,1 4 11 16 18 19 24 25 26 27,0.0006870960985519686,-20640.375369365684,5437
430,202214,120,7,0 11 16 19 25 26 27,0.001994712067344765,-20775.994777866534,5470
431,202215,122,10,1 3 4 11 16 19 21 25 26 27,0.0007482562955157272,-21010.49836253397,5499
432,202216,124,11,0 3 5 9 11 16 17 19 21 26 27,0.0009847867522098895,-21436.572126965522,5527
433,202217,124,8,0 3 5 11 16 19 26 27,0.000981895682995573,-21658.615021371494,5555
434,202218,125,0,,0.008604618216667918,-21863.541817287005,5583
435,202219,125,0,,0.0070143701689835926,-22566.816782790404,5612
436,202220,124,2,9 18,0.004500827943387495,-22762.277299890706,5640
437,202221,124,8,0 9 11 17 18 19 26 27,0.0017459593537267513,-22882.15654999679,5668
438,202222,124,6,0 9 17 19 26 27,0.0015365179018150229,-23059.224577870104,5695
439,202223,124,5,0 9 10 19 26,0.0012659909364284216,-22874.345685003686,5722
440,202224,123,6,0 9 10 19 26 27,0.0014155221989672472,-22926.668113183947,5748
441,202225,123,6,0 9 11 19 26 27,0.0013401304454124983,-23034.86727813894,5774
442,202226,123,6,0 5 9 11 19 27,0.0017610377479930614,-23047.911609787745,5799
443,202227,124,10,0 3 5 10 11 19 21 25 26 27,0.0005781771408899666,-23165.683921345557,5824
444,202228,124,2,5 19,0.003965678246365835,-23383.279751835416,5850
445,202229,124,9,5 9 10 11 19 21 25 26 27,0.0010465558195575089,-23604.246988571755,5876
446,202230,124,10,5 6 9 10 11 19 21 25 26 27,0.00103422677213183,-23691.031592197687,5902
447,202231,125,17,0 3 4 5 9 10 11 12 13 15 17 19 21 22 25 26 27,9.773649322771818e-07,-23847.789204756147,5927
448,202232,122,10,0 6 9 10 19 21 22 25 26 27,0.0010596604541064018,-23983.783807781754,5952
449,202233,122,9,0 6 9 10 19 21 22 26 27,0.0010824516599811133,-24209.500296192906,5974
450,202234,128,11,0 3 6 10 14 17 19 22 25 26 27,0.0006619985642304042,-24447.62153185782,5995
451,202235,128,13,0 3 5 9 10 14 17 19 21 22 25 26 27,0.00040707225247783526,-24773.737083216827,6020
452,202236,128,13,0 3 5 9 10 14 17 19 21 22 25 26 27,0.0005903810525472884,-25021.349848545535,6044
453,202237,130,15,0 3 4 5 9 10 14 16 17 19 21 22 25 26 27,9.68114270915558e-07,-25452.716677616627,6068
454,202238,130,15,0 3 4 5 9 10 14 15 17 19 21 22 25 26 27,9.417029249988456e-07,-25719.263359732322,6094
455,202239,131,17,0 2 3 4 5 9 10 14 16 17 18 19 21 22 25 26 27,1.0450687439568317e-06,-25851.701009439308,6119
456,202240,131,16,0 2 3 4 5 9 10 16 17 18 19 21 22 25 26 27,1.0747441914874539e-06,-26159.09718693672,6175
457,202241,131,15,0 3 4 5 9 10 16 17 18 19 21 22 25 26 27,1.0019235701579584e-06,-26477.98499920253,6229
458,202242,131,16,0 2 3 4 5 9 10 16 17 18 19 21 22 25 26 27,9.334680800594247e-07,-26608.463751961954,6251
459,202243,132,15,0 2 3 4 5 9 10 17 18 19 21 22 25 26 27,8.335766944920803e-07,-26795.081452358696,6272
460,202244,132,15,0 2 3 5 7 9 10 16 17 18 19 22 25 26 27,3.5933739480659946e-06,-26946.440021185375,6293
461,202245,130,15,0 2 3 5 7 9 10 17 18 19 21 22 25 26 27,9.63265288823108e-07,-27551.735450983015,6314
462,202246,129,15,0 2 3 5 7 9 10 14 17 19 21 22 25 26 27,1.0267135737949248e-06,-28058.503806278513,6332
463,202247,129,12,5 9 10 14 17 19 20 21 22 25 26 27,0.000528493811292522,-28404.587436952588,6350
464,202248,131,10,5 9 10 17 19 21 22 25 26 27,0.0004984159124345374,-29126.61895236643,6368
465,202249,132,12,2 3 5 9 10 17 19 21 22 25 26 27,0.00027619128263676513,-29250.78722606506,6388
466,202250,132,13,3 5 6 9 10 13 17 19 21 22 25 26 27,0.000359544870888166,-29389.66668650137,6408
467,202251,131,15,0 2 3 5 9 10 12 15 17 19 21 22 25 26 27,1.4715002200417686e-06,-29494.074569423516,6427
468,202252,130,13,3 5 6 9 10 14 17 19 21 22 25 26 27,0.000283678496815392,-29660.753525108583,6444
469,202301,130,15,2 3 5 7 9 10 12 14 17 19 20 22 25 26 27,6.082521751771639e-06,-29789.952338362495,6461
470,202302,131,14,3 5 9 10 12 14 17 19 20 21 22 25 26 27,0.00031772935601334055,-29928.849573256775,6477
471,202303,131,12,2 5 6 9 10 14 17 19 20 22 25 27,0.0005271946030215343,-29708.43209484422,6493
472,202304,134,16,2 3 4 5 6 7 9 10 14 17 18 19 20 22 25 27,1.3747576215714811e-06,-29759.834338373377,6509
473,202305,135,13,2 4 5 6 7 9 10 14 17 19 22 25 27,0.0002476498990882774,-29735.453828525857,6527
474,202306,137,13,2 4 5 6 7 9 10 14 17 19 22 25 27,0.0003280765303066057,-29738.694178184378,6546
475,202307,138,12,2 5 6 9 10 14 16 17 19 22 25 27,0.00040872710646398396,-29791.560758323343,6567
476,202308,144,15,2 3 4 5 6 7 9 10 14 16 17 19 22 25 27,0.00021583236413799268,-29806.0836776034,6587
477,202309,148,11,2 5 6 7 9 10 14 17 19 22 25,0.0009574728752411228,-29874.597895854207,6612
478,202310,149,15,2 5 6 7 9 10 14 15 16 17 18 19 22 25 27,0.000371064271463892,-30082.717754671143,6641
479,202311,152,11,2 5 6 7 9 10 14 15 17 22 25,0.000884937828522302,-30295.48768830599,6671
480,202312,154,17,2 3 4 5 7 9 10 12 14 15 17 18 19 20 22 25 27,1.2602578769088377e-06,-30198.174081246252,6704
481,202313,154,17,2 3 4 5 7 9 10 12 13 14 17 18 19 20 22 25 27,1.2967476395880934e-06,-30391.176837788404,6737
482,202314,158,13,2 5 7 9 10 14 17 18 19 20 22 25 27,0.0003881332553396286,-30937.16384907046,6772
483,202315,160,13,2 5 7 9 10 14 17 18 19 20 22 25 27,0.00023958871352271758,-31206.504881355824,6810
484,202316,162,13,2 5 7 9 10 14 17 18 19 20 22 25 27,0.00024220400706885712,-31319.33798841914,6848
485,202317,162,13,2 5 7 9 10 14 17 18 19 20 22 25 27,0.0002991683995325264,-31522.562909321234,6887
486,202318,164,11,2 5 7 9 10 14 17 18 20 22 25,0.0003711482914373199,-31764.83568500038,6925
487,202319,165,13,2 4 5 7 9 10 14 17 18 19 20 22 25,3.119650694859724e-05,-32024.979483601823,6964
488,202320,165,11,2 5 7 9 10 14 17 18 20 22 25,0.0005104970966118271,-32308.704122227955,7003
489,202321,168,13,1 2 5 7 9 10 14 17 18 19 20 22 25,0.0003560896711477127,-32659.90195543716,7044
490,202322,170,12,1 2 5 7 9 10 14 17 18 20 22 25,0.00020331992574968235,-32907.51122049201,7088
491,202323,170,11,1 5 7 9 14 16 17 18 20 22 25,0.00045013327358430985,-33783.16984208518,7133
492,202324,171,10,1 5 7 9 14 17 18 20 22 25,0.0004548319718410883,-34179.905663727885,7180
493,202325,171,12,1 5 7 9 10 14 17 18 19 20 22 25,0.00034295305893842587,-34482.08239599275,7228
494,202326,173,7,6 7 9 12 14 18 25,0.0008268308835072002,-34803.562289046335,7276
495,202327,174,10,1 5 7 9 10 12 14 18 20 25,0.0004319640687553587,-35005.90456567042,7326
496,202328,175,10,1 6 7 9 12 14 17 18 20 25,0.0005576478155500013,-35285.80376909162,7376
497,202329,175,9,5 7 9 12 14 16 18 20 25,0.0006947881081146664,-35567.25953474897,7427
498,202330,175,7,6 7 9 12 16 18 25,0.0007856329003273886,-35822.57796816855,7477
499,202331,176,12,1 6 7 9 12 13 16 17 18 20 24 25,0.0003587743812373622,-36333.96493419533,7527
500,202332,176,7,6 7 9 12 16 18 25,0.0008481397194787012,-36808.04332705401,7578
501,202333,177,9,6 7 9 13 16 17 18 20 25,0.0007045816644051444,-37130.92272714474,7630
502,202334,179,12,1 6 7 9 12 13 16 17 18 20 24 25,0.00021721730848505414,-37269.85378723264,7685
503,202335,179,7,7 9 13 16 18 22 25,0.0010613039843593616,-37588.67167071355,7735
504,202336,180,11,1 6 7 9 13 16 17 20 24 25 27,0.00022872500155992414,-37803.42680359608,7785
505,202337,177,4,9 13 22 25,0.0012237919429464077,-38145.67024251928,7833
506,202338,172,5,7 13 18 25 27,0.0010976325590378506,-38292.0147131131,7875
507,202339,179,5,7 13 22 25 27,0.0008910178693068747,-38617.081343555066,7917
508,202340,183,5,7 13 16 20 25,0.0007516043893178485,-38783.09384904825,7965
509,202341,184,3,7 13 25,0.0010707719949395473,-39038.657660018114,8016
510,202342,185,4,7 13 25 26,0.0009131722542163798,-39354.50198593033,8069
511,202343,181,3,13 20 25,0.000637170934779296,-39538.044050385266,8115
512,202344,195,4,13 18 22 25,0.0006585091550885627,-39795.228855371926,8163
513,202345,195,4,0 13 18 22,0.0008287643387781671,-39395.18669822058,8225
514,202346,198,1,22,0.002881609556311339,-39390.72362927151,8290
515,202347,199,4,13 16 18 22,0.0007544268185211174,-39909.63114014176,8357
516,202348,205,2,16 22,0.000640702953185278,-39499.90852160605,8426
517,202349,213,2,16 22,0.0014796915847083436,-39607.72389893307,8500
518,202350,212,3,16 18 22,0.0008576921457557886,-39748.40590907187,8578
519,202351,214,0,,0.004296942368569167,-39751.76289846563,8657
520,202352,215,0,,0.0029439710081639267,-39779.65482450172,8741
521,202401,214,0,,0.0037729917986174368,-39916.96635590771,8824
522,202402,215,0,,0.003016176308720714,-40172.51707659306,8906
523,202403,218,0,,0.004037688967556607,-40758.06505917669,8990
524,202404,219,0,,0.004640708744230416,-41144.690204001156,9074
525,202405,224,8,9 11 13 15 17 19 21 22,0.0007014890181982951,-41720.86769392911,9159
526,202406,224,8,9 13 15 16 17 19 21 22,0.000758880781938841,-42226.37210574046,9246
527,202407,228,11,9 10 13 15 16 17 19 21 22 24 26,0.00042839217587533544,-42703.5068354433,9332
528,202408,230,1,22,0.0028115637833140248,-42807.32559255052,9420
529,202409,228,9,9 13 15 17 19 20 21 22 24,0.0005318333280823959,-42941.907001668886,9502
530,202410,234,0,,0.0034559004606139402,-41861.29641723536,9582
531,202411,239,0,,0.004759665897373373,-41870.260897500884,9667
532,202412,248,0,,0.004381450380102547,-42182.193965759376,9754
533,202413,248,0,,0.0043998207017739805,-42414.23865970089,9848
534,202414,248,4,7 9 16 17,0.001648666617556082,-42535.637399575404,9941
535,202415,251,4,7 9 16 17,0.0017739474791180312,-42779.54571771119,10031
536,202416,253,6,7 9 11 16 17 20,0.0011798110437054572,-43140.559934376295,10122
537,202417,254,8,0 7 9 11 13 16 17 20,0.0014377198092839418,-43544.97479404197,10213
538,202418,256,5,7 9 11 16 17,0.0017193282750170096,-43954.18488809126,10304
539,202419,256,10,0 5 7 9 17 19 21 23 24 26,0.0003737356757738469,-44376.000529606645,10395
540,202420,255,12,0 5 7 9 13 16 17 19 21 23 24 26,0.00018352402299605868,-44790.35949948005,10486
541,202421,258,12,0 5 7 9 12 16 19 20 22 23 24 26,0.00019893682435779086,-45166.81573505069,10576
542,202422,260,6,0 7 9 17 19 23,0.0010756323594259625,-45374.746567905604,10666
543,202423,262,4,0 9 19 23,0.0011413385004673934,-45705.066484359995,10757
544,202424,260,4,9 11 19 23,0.001210324400007042,-46061.37524964719,10847
545,202425,261,6,5 9 11 19 21 23,0.0005970760563686558,-46437.07998120534,10935
546,202426,263,6,5 9 19 21 22 23,0.00044624618177232297,-46932.915491620755,11025
547,202427,264,5,5 9 19 21 23,0.0004658692213094413,-47447.18002085326,11115
548,202428,267,7,5 9 13 19 21 22 23,0.0003578734106312518,-47949.01550500351,11205
549,202429,267,9,5 7 9 13 17 19 21 22 23,0.0002297510606841619,-48382.965112385966,11295
550,202430,269,10,4 5 9 11 17 19 20 21 22 23,0.0003799231231379208,-48668.663953123316,11388
551,202431,269,5,5 8 9 17 23,0.0013228149201337546,-49082.55536520835,11482
552,202432,265,3,5 9 17,0.0014327763709575682,-49466.30342906185,11571
553,202433,266,3,5 9 17,0.0013073691143034886,-49851.288542655806,11662
554,202434,261,3,5 9 17,0.0014120277201449493,-50314.080161893595,11745
555,202435,272,2,9 17,0.0017131832409510647,-50562.83363626664,11828
556,202436,275,4,5 9 17 19,0.0009502643767499362,-51058.74241756399,11922
557,202437,283,4,5 9 17 19,0.0009119188343035901,-51475.67252978472,12021
558,202438,288,3,5 9 17,0.0015973751622250572,-51926.43268395115,12130
559,202439,284,2,9 17,0.002605285864810041,-52323.87541950006,12240
560,202440,290,12,5 7 8 9 13 16 17 19 21 22 23 27,0.00035519364186828255,-52750.436679798804,12343
561,202441,293,14,5 7 8 9 13 16 17 18 19 20 21 22 23 27,0.0003400528857849572,-53254.69122173034,12451
562,202442,298,18,2 5 7 8 9 10 11 13 16 17 18 19 20 21 22 23 24 27,4.712631398045296e-07,-53738.00814777117,12560
563,202443,300,17,2 5 6 7 8 9 10 11 13 16 17 18 19 21 22 23 27,0.00016775650628636282,-54271.933264802836,12680
564,202444,302,3,9 16 17,0.0020792019942170122,-54909.55191599869,12800
565,202445,307,8,7 9 13 16 18 19 23 27,0.0006413066562726547,-55953.75728597633,12910
566,202446,310,16,0 5 6 7 8 9 10 14 15 16 18 19 21 22 23 27,1.111792827489413e-05,-55750.04174211516,13021
567,202447,306,14,0 1 4 7 8 9 10 13 16 18 19 21 22 27,8.540747996373235e-05,-55983.48895738144,13126
568,202448,314,4,0 9 13 18,0.0015696053038643395,-56261.07872421923,13231
569,202449,319,15,0 5 6 7 8 9 10 11 12 13 14 19 22 23 26,6.765536281238642e-05,-56724.77584625622,13339
570,202450,326,9,0 6 10 11 12 13 18 19 22,0.0006028930576194934,-56910.445068218236,13444
571,202451,324,9,0 4 6 9 11 12 13 19 22,0.0007443249183939633,-57446.27466986898,13549
572,202452,339,10,4 6 9 10 11 12 13 18 19 22,0.000563849271308871,-58082.62525818839,13656
573,202501,343,7,0 6 9 11 12 13 18,0.001277114143398311,-58638.463618897586,13779
574,202502,345,3,0 9 13,0.001482464648649495,-59280.29600844681,13907
575,202503,349,8,0 9 10 11 13 16 18 21,0.0006610017291997402,-59922.94752350291,14035
576,202504,359,10,0 8 10 11 12 13 16 18 21 22,0.0009244202731188841,-60371.44817208687,14169
577,202505,364,9,7 10 11 12 13 18 21 22 23,0.0009099499055413442,-60813.04125086863,14308
578,202506,362,9,7 10 11 12 13 16 18 21 25,0.0008203468536822899,-61356.1027628952,14447
579,202507,364,11,7 10 11 12 13 14 18 21 22 23 25,0.0008551742276646613,-61939.58955745463,14582
580,202508,365,10,7 10 11 12 14 16 21 22 23 26,0.0005106476614326578,-62765.100121873045,14715
581,202509,364,10,7 10 12 14 16 21 22 23 25 27,0.0006404512714899399,-63481.40298431578,14852
582,202510,374,8,6 7 12 14 16 21 25 27,0.001072844009459545,-65376.6142981707,14987
583,202511,372,6,6 7 14 16 21 25,0.00158459777658407,-66016.38087368375,15122
584,202512,378,12,6 7 8 10 14 16 21 22 23 25 26 27,0.0003241910068561769,-66944.66166126152,15253
585,202513,380,9,6 8 10 16 21 22 24 25 27,0.0008528728281664594,-67495.09651724882,15380
586,202514,381,13,2 6 7 8 10 12 16 21 22 24 25 26 27,0.0003801548356951314,-68383.776144858,15506
587,202515,383,15,2 6 7 8 10 12 14 16 21 22 23 24 25 26 27,8.603244987934078e-07,-69067.26024815,15635
588,202516,386,14,2 6 7 8 10 12 16 21 22 23 24 25 26 27,8.123810112552172e-07,-69184.12951156538,15763
589,202517,386,13,2 6 7 8 10 11 12 16 21 24 25 26 27,0.0001027775313379822,-69321.71290635725,15890
590,202518,392,12,2 6 7 8 10 12 16 20 21 24 25 27,0.00024946816792155,-69445.39139561978,16019
591,202519,403,12,2 6 8 10 11 12 16 20 21 24 25 27,0.0003063777277594842,-70026.67520482809,16152
592,202520,413,12,2 3 7 8 10 11 12 16 17 21 25 26,1.6568117063103532e-05,-68334.51908597,16296
593,202521,422,13,3 6 7 8 10 11 12 16 17 21 25 26 27,3.5819556597266403e-06,-69035.69743653656,16452
594,202522,426,10,7 8 10 11 12 13 17 21 26 27,0.0006613654117069868,-69928.14504888051,16611
595,202523,432,13,3 6 7 8 10 11 12 13 16 17 21 26 27,8.035577565400654e-07,-70733.97556527675,16772
596,202524,432,10,7 8 10 11 12 13 17 21 26 27,0.0007266894464823789,-71523.46328525238,16939
597,202525,440,13,1 6 7 8 10 11 12 16 17 21 25 26 27,0.00018686170136580305,-72273.31445178155,17108
598,202526,441,12,1 3 6 7 8 10 12 16 17 21 26 27,0.00013837453509207647,-72662.36872958302,17280
599,202527,448,12,1 6 7 8 10 12 16 17 21 25 26 27,0.0002397367219653971,-73458.57941810039,17456
600,202528,449,11,1 6 7 8 10 12 16 17 21 26 27,9.289321561116375e-05,-74242.8316906419,17634
601,202529,450,13,3 6 7 10 11 12 13 16 17 21 22 26 27,8.05618136499408e-07,-74605.17539469393,17811
602,202530,448,14,3 6 7 10 11 12 13 16 17 20 21 22 26 27,8.196561621667077e-07,-75253.961942317,17989
603,202531,459,12,1 3 6 7 10 12 13 17 21 22 26 27,9.223153801762872e-07,-75839.01799763071,18163
604,202532,467,12,3 6 7 10 12 13 17 20 21 22 26 27,8.926796682663246e-07,-76685.73612857073,18350
605,202533,470,13,3 6 7 10 11 12 13 17 20 21 22 26 27,9.748275704415663e-07,-77289.10524427777,18540
606,202534,475,13,3 6 7 10 11 12 13 17 20 21 22 26 27,8.74388870550823e-07,-77951.1544130488,18746
607,202535,480,12,2 3 6 7 10 12 13 17 21 22 26 27,8.274141268100781e-07,-78982.2805393592,18952
608,202536,484,11,3 6 7 10 12 13 17 21 22 26 27,6.7000747703422794e-06,-79869.34854217712,19151
609,202537,485,12,3 6 7 10 12 13 17 20 21 22 26 27,6.563045609225174e-07,-80639.21530790858,19352
610,202538,488,13,0 3 6 7 10 12 13 17 20 21 22 26 27,7.181871677575469e-07,-81503.19796748557,19547
611,202539,493,12,3 6 7 10 12 13 16 17 21 22 26 27,3.3048081331018293e-06,-82339.07516459266,19748
612,202540,506,13,3 6 7 10 12 13 16 17 20 21 22 26 27,7.5568968856413675e-06,-83308.14415249597,19954
613,202541,508,15,3 6 7 10 11 12 13 16 17 20 21 22 24 26 27,7.264527090833028e-07,-83970.0795841188,20164
614,202542,508,16,0 3 6 7 10 11 12 13 16 17 20 21 22 24 26 27,7.552861931193337e-07,-84587.56459472388,20365
615,202543,518,13,0 3 6 7 10 11 12 13 17 21 22 24 26,1.1374773437573977e-05,-85540.40817460165,20569
616,202544,517,13,0 3 6 7 10 11 12 13 17 21 22 24 26,7.524380398503273e-07,-86295.869540896,20776
617,202545,519,13,0 3 6 7 10 11 13 14 17 21 22 24 26,7.616468213738113e-07,-86624.9649877802,20981
618,202546,529,16,0 1 3 6 7 10 11 13 14 17 20 21 22 24 25 26,7.249556271941963e-07,-87865.25731240699,21189
619,202547,536,16,0 1 3 6 7 10 11 12 13 14 17 20 21 22 24 26,7.463069931358738e-07,-88994.83239609993,21407
620,202548,538,16,0 2 3 6 7 10 11 12 13 17 20 21 22 24 25 26,7.020447362848532e-07,-90589.39465876376,21631
621,202549,543,16,0 3 6 7 10 11 12 13 14 17 20 21 22 24 25 26,7.238783680451239e-07,-91624.55379242181,21851
622,202550,548,17,0 1 3 6 7 10 11 12 13 15 17 20 21 22 24 25 26,1.149213481322905e-05,-92987.85532748401,22074
623,202551,553,16,0 3 6 7 10 11 12 13 14 17 20 21 22 24 25 26,7.607092770662465e-07,-94020.3059742317,22300
624,202552,558,15,1 3 6 7 10 11 13 17 19 20 21 22 24 25 26,2.409973427867789e-06,-94931.56053969775,22526
625,202601,557,14,1 3 6 7 10 11 13 17 19 20 21 22 25 26,1.6026919667078317e-05,-95795.46782995829,22737
626,202602,556,15,2 3 6 7 10 11 13 14 17 19 20 21 22 25 26,6.799950426642291e-07,-96467.49557508044,22944
627,202603,558,13,3 6 7 10 11 13 17 19 20 21 22 25 26,5.707557533998351e-07,-97267.72070047115,23150
628,202604,556,16,3 6 7 10 11 12 13 14 15 17 19 20 21 24 25 26,6.221823483878698e-07,-98043.46770430852,23347
629,202605,549,16,1 3 6 7 10 12 13 14 15 17 19 20 21 24 25 26,6.720168197704693e-07,-98966.22572333307,23528
630,202606,549,18,1 2 6 7 8 10 12 13 14 15 16 17 19 20 21 24 25 26,6.963594157924412e-07,-99753.11318908719,23707
631,202607,548,18,1 2 3 6 7 8 10 12 13 14 15 16 19 20 21 24 25 26,8.316390626247055e-06,-100302.87284785508,23887
632,202608,558,18,1 2 6 7 8 10 12 13 14 15 16 17 19 20 21 24 25 26,6.845869356168416e-05,-100801.8000028196,24068
633,202609,564,16,1 6 7 8 10 13 14 15 16 17 19 20 21 24 25 26,0.00014052153343836824,-101539.70636988865,24260
634,202610,566,16,1 2 6 7 10 13 14 15 16 17 19 20 21 24 25 26,0.00018804398154229353,-102192.04762107476,24454
635,202611,566,15,1 2 6 7 10 15 16 17 18 19 20 21 24 25 26,0.00019263283209130648,-102994.01453949237,24643
636,202612,565,15,1 2 6 7 10 15 16 17 18 19 20 21 24 25 26,9.847938799962534e-05,-103670.74706217929,24832
637,202613,570,14,1 2 6 7 10 15 16 17 18 19 20 21 25 26,0.00018387193480601312,-104591.75723318967,25016
638,202614,568,15,1 2 6 7 10 14 15 16 17 18 19 20 21 25 26,0.00011751318056843742,-105004.2751931907,25204
639,202615,558,14,1 2 5 6 7 10 15 16 18 19 20 21 25 26,0.00029405282830389704,-105591.52104146365,25378
640,202616,547,12,1 2 6 7 15 16 18 19 20 21 25 26,0.0002809489578157146,-105761.35754030576,25539
641,202617,542,12,2 6 7 15 16 17 18 19 20 21 25 26,0.00020989889603803893,-106340.365380663,25692
642,202618,546,13,2 6 7 9 12 15 16 18 19 20 21 25 26,9.124260058797569e-05,-107114.78775624244,25843
643,202619,558,12,2 6 7 12 15 16 18 19 20 21 26 27,0.00014761710246559824,-107199.68355882996,25991
644,202620,554,11,2 6 7 10 15 17 18 20 21 25 27,0.0003989296042028224,-109470.41944378574,26138
645,202621,563,10,1 2 6 7 15 17 18 20 25 27,0.00028307712036787513,-110044.76259691973,26275
646,202622,566,10,2 6 7 15 17 18 20 24 25 27,0.00033671264641113103,-110515.96853012679,26412
647,202623,558,8,2 6 7 15 17 18 20 27,0.00047390119042127336,-110690.92393909402,26540
648,202624,557,9,2 6 7 15 18 20 25 26 27,0.0005547124205808839,-110893.46622792716,26663
649,202625,552,10,2 6 7 15 16 17 18 20 22 27,0.0003803244840563884,-111341.0537260022,26780
650,202626,552,11,2 6 7 9 12 15 16 18 20 22 27,0.00011890848318029332,-112166.5871141861,26888
651,202627,545,11,2 5 6 7 15 16 17 18 20 22 27,0.0003280201351781664,-112540.32317114963,26987
652,202628,550,11,2 6 7 9 12 15 16 18 20 22 27,0.0002054330058521043,-112839.6944814419,27081
653,202629,554,11,2 6 7 15 16 17 18 20 22 25 27,0.00035963689200826005,-113769.88264770711,27181
