week,cmkt_own,csmb_own,cmom_own,cmkt,csize,cmom
201516,0.043845030722575916,-0.02198607760945398,0.12046898621993887,0.043,-0.147,0.061
201517,-0.03231313294267861,0.05556018592240969,0.09952082039819463,-0.037,0.047,0.098
201518,0.01447732381738138,-0.08749950259436307,0.15839264499960398,0.014,-0.043,0.094
201519,0.021263278573914638,0.5682717969513338,-0.5213994919292751,0.02,0.08,-0.139
201520,-0.00707338995740593,0.5479058104940574,0.3232846034163554,-0.008,0.581,0.708
201521,0.02514123539688082,0.6684090662517723,-0.5930313698830005,0.023,-0.044,0.146
201522,-0.03717176951947824,0.08012025900283049,-0.13954797745979192,-0.038,-0.021,-0.209
201523,0.01566297205452983,0.18312138020803648,0.042171740575108994,0.014,-0.012,0.457
201524,0.11110668622544914,0.4746565988322857,0.1861061379355884,0.11,0.013,-0.037
201525,-0.024280942849832617,-0.02289011056330133,0.04701195005545766,-0.025,-0.049,0.024
201526,0.08080669546067658,0.07011382882318654,0.2076448546203382,0.081,0.017,0.287
201527,0.0511590344752552,0.007295376908944898,0.1015044469663128,0.052,0.01,0.295
201528,0.022287503947230624,0.1345866022276527,-0.17456565040717323,0.025,-0.019,-0.069
201529,-0.03711591811912141,0.020658010328145224,0.04752621241567928,-0.037,-0.016,0.005
201530,0.055462385756740444,-0.01990961883004387,0.1134955104837631,0.056,-0.067,0.106
201531,-0.031091279618632596,-0.04840119753915123,0.035437174514387944,-0.031,-0.041,0.041
201532,-0.053156908794364265,0.014878473274178239,0.021972646367600747,-0.054,-0.044,-0.126
201533,-0.1438819929391273,0.025555021822968177,0.01841463478342175,-0.144,-0.027,0.013
201534,-0.013219456579022456,0.09733195067617981,0.017396803371158696,-0.013,-0.001,-0.029
201535,0.01650821611474055,0.14383147140528577,0.08940548277472535,0.014,0.041,0.009
201536,0.03363819712014078,0.014590849183226243,-0.14638352990858305,0.036,0.016,-0.132
201537,-0.042802792406923806,0.010132781527640036,0.04326179538787553,-0.038,-0.035,-0.029
201538,-0.000667116601267537,0.05153869162032838,0.006827754298397232,-0.001,-0.065,0.09
201539,0.009928528152860655,-0.0070454014776936275,0.13309677541331416,0.009,-0.025,0.099
201540,0.02209039001005946,0.028292807135766283,-0.005441331448778848,0.022,0.036,0.055
201541,0.03172316595886592,-0.0863537226012288,0.07406827045083988,0.031,-0.083,-0.003
201542,0.04131857642827859,-0.029438057428659188,0.014631877848476874,0.041,-0.059,0.03
201543,0.14032325196568737,0.012204514986636772,0.09524925075478106,0.14,0.037,-0.244
201544,0.3300158423357606,-0.16272051942540827,0.16939619289173063,0.33,-0.232,0.279
201545,-0.23957999688613227,0.1269516989721725,-0.0945533356306193,-0.239,0.093,-0.219
201546,0.07526073212890672,0.02424993832647397,0.13443650996019155,0.075,-0.126,-0.02
201547,-0.018268063054097068,0.00025062739001471476,0.003554954496097957,-0.018,0.017,0.059
201548,0.08474846202882184,-0.016777172001932045,0.09999564579799157,0.084,-0.155,-0.001
201549,0.17918681499004993,0.009226578792189799,-0.05961157853603678,0.178,-0.147,-0.126
201550,0.07520858074811894,0.08183045227172316,0.10275021346062709,0.078,0.086,-0.156
201551,-0.030908923250703192,0.33477483926457585,0.01770507691371311,-0.031,0.075,-0.078
201552,-0.023430643143493638,0.30746041917249955,-0.03707456620976094,-0.049,-0.023,-0.051
201601,0.06014160072700237,0.08343922015727939,0.023615718248176418,0.06,-0.069,0.052
201602,-0.05379050374872091,0.2907733353412423,0.38031663187154874,-0.053,-0.019,0.073
201603,-0.04105163321357491,0.15260939428967907,0.15788538558597182,-0.042,0.003,0.196
201604,-0.04545586334165323,0.89624757178641,0.8399117558117009,-0.048,0.029,0.376
201605,0.02457373381688519,0.01763638026223643,-0.028688000848713317,0.023,-0.055,-0.124
201606,0.021596474703446635,0.14310279861655917,0.5873080243684861,0.022,0.0,0.457
201607,0.08186624542269029,0.19626776879381097,-0.1798535637584346,0.088,0.095,-0.198
201608,0.023570569832194552,-0.050477721426847255,0.1436495037949893,0.021,-0.098,0.181
201609,0.02884280981688774,0.015630793946105125,0.22187164335167714,0.03,-0.001,0.275
201610,0.018011723905025697,0.050346898630823686,-0.08732171682057187,0.016,0.025,-0.061
201611,0.0041033271624770305,0.21023163180051818,0.3762150786543229,0.004,0.082,0.186
201612,-0.004856144815306127,0.2089848539781382,-0.005514119962830341,-0.005,-0.002,0.011
201613,-0.0020388488253773804,0.13902427143125634,-0.029186432508553406,-0.002,0.037,-0.089
201614,-0.004076823940325595,0.05120972942001224,-0.018200708113531246,-0.005,0.071,-0.055
201615,-0.01879011520287992,0.20059055752675115,-0.10498037640769886,-0.019,0.089,-0.041
201616,0.05210840210491202,0.09713493873329501,-0.08902945157519966,0.052,0.032,0.069
201617,-0.013291230500927578,-0.015280173579039538,-0.014289156541926085,-0.014,-0.024,-0.026
201618,0.021387288860194476,-0.03947436224858659,-0.17571487019094628,0.024,-0.061,-0.145
201619,0.01415952047148602,-0.016993250944868442,-0.03701790321404259,0.015,-0.008,-0.053
201620,0.01421277959237875,0.00833980240530991,0.14299479781965024,0.015,-0.015,0.158
201621,0.005024719439087008,0.027160159499068796,-0.006085992443355948,0.006,-0.03,0.119
201622,0.1667976440531168,-0.051447913486717456,-0.015308494952912137,0.165,-0.078,0.083
201623,0.06343905437675224,0.08081303350570927,0.07774920219107559,0.064,0.081,0.045
201624,0.332608856208208,-0.007442075829337924,-0.2833535028016547,0.332,-0.053,0.002
201625,-0.2030330668439387,0.11470902985666898,0.07716581210065937,-0.199,0.093,0.137
201626,0.06604815541761873,0.3273298859542595,0.268420121966319,0.065,0.266,0.33
201627,-0.06100106817513362,0.1826021898235158,-0.03964987251463006,-0.063,0.059,0.009
201628,0.060594401974809066,-0.014444240048024047,-0.07350880005306196,0.056,-0.009,0.133
201629,0.016208759039372644,0.1296861177878798,-0.1282142541747195,0.015,0.012,-0.132
201630,-0.01988211284608679,-0.03952151277773259,-0.06606797434542855,-0.02,-0.025,-0.065
201631,-0.11669466880199406,-0.014229992509734293,-0.0461780599601289,-0.117,-0.002,-0.082
201632,0.01571385972749257,0.0783024634190387,0.16069680810825876,0.019,0.052,0.171
201633,-0.024953863442526644,0.11460378484558119,0.06382119912739288,-0.024,0.088,-0.004
201634,0.0038075748458822685,0.04910094213327332,0.008207191816169773,0.004,-0.107,0.025
201635,0.00048108757312311873,0.31561583831046025,0.10030000481133508,-0.001,0.08,0.106
201636,0.07648800840884432,0.20005235385779235,0.3470558114901059,0.077,0.102,0.388
201637,-0.018699006507692458,0.08508342673433619,0.056600685597579914,-0.019,0.04,0.021
201638,-0.012078968770130616,-0.039817345775714316,-0.024519025809009533,-0.011,-0.061,-0.028
201639,0.015026456410627888,0.04174130735043204,0.110459627898197,0.015,0.133,0.099
201640,-0.0006455006045736041,-0.018136962722400195,-0.039119028382412734,-0.001,-0.077,-0.07
201641,0.022201734235336196,0.045444500930991366,0.12336257727101908,0.022,-0.029,0.28
201642,-0.006764277835515495,0.08470087281064625,0.08138518708772959,-0.007,0.048,0.09
201643,0.065927448339558,0.005148992889512816,0.10444198126766772,0.066,-0.099,0.178
201644,-0.011461470176513215,-0.008558624727273687,0.057619104155009704,-0.012,-0.106,0.017
201645,0.034665539472224255,0.19901482291835765,0.043408178720534825,0.034,-0.026,-0.027
201646,0.024689879794902374,-0.0334830496831785,0.048717320078703066,0.025,-0.087,0.06
201647,-0.008589027179208697,-0.02223609521480125,0.08353203943294865,-0.009,-0.069,0.081
201648,0.013036498374135175,0.22042423978177828,0.2166615024142859,0.013,0.197,0.008
201649,0.01513931476883487,0.1566572334879418,-0.055996127995523205,0.015,-0.039,0.005
201650,0.006612062438600368,0.052073807770643576,0.09461790320572969,0.007,0.006,0.063
201651,0.09756035093688609,-0.0319629370419527,0.40387023565502567,0.097,-0.053,0.243
201652,0.11338726264698377,0.013581134834484934,0.09622078510800235,0.075,-0.066,-0.023
201701,-0.04247419775730114,0.11040072296049891,-0.2054007904691991,-0.042,0.232,-0.069
201702,-0.08924983069749375,0.17997909045297783,-0.07484744504410339,-0.089,0.057,-0.036
201703,0.12228694089285558,0.07481506634250325,0.09287223626040722,0.122,-0.037,-0.122
201704,-0.00038604116381248284,0.14632894395379908,0.02504673150003017,-0.001,0.044,-0.058
201705,0.12418120057055067,0.22435780299174016,0.06310958475780294,0.124,0.039,0.101
201706,-0.036067316863640876,0.012744607775358022,0.006138947984411586,-0.036,-0.01,-0.051
201707,0.05022801423296104,-0.06802423945036523,0.009694045165650075,0.05,-0.112,-0.028
201708,0.07511845110633994,0.13693658772158138,-0.09059598222778535,0.075,-0.08,0.03
201709,0.11673351554317907,0.03257940556450145,0.050980435734451796,0.116,-0.101,0.039
201710,-0.03379217068804143,0.02720012702887467,0.035971524449208474,-0.033,0.016,0.045
201711,-0.07049280134308938,0.206237947587602,0.3841309888204101,-0.077,0.168,0.383
201712,0.08220632025866499,0.3283746375968354,0.13276694547158047,0.094,0.204,0.32
201713,0.11203838935892797,0.22898801143009453,-0.0337540968821433,0.113,0.211,0.356
201714,0.04448382205468862,0.18245145591923007,-0.19223173905157212,0.063,0.099,-0.188
201715,0.029232441826484705,0.17862446019851835,0.03959319091459589,0.025,0.18,-0.015
201716,0.04020685335421286,0.2841232390843127,-0.14167788974104725,0.041,0.219,-0.13
201717,0.17692214299419978,0.0693215345000916,0.011647565112772096,0.178,-0.01,-0.079
201718,0.30592293657225234,0.1336196311031157,0.1588022260095788,0.301,-0.018,0.152
201719,0.17529430049635286,0.08614694595439559,0.24911917487079516,0.174,0.066,0.16
201720,0.2970125624146726,0.1632944993811984,0.28576304264482905,0.299,0.172,0.15
201721,-0.04399073488487275,0.22217181305306732,-0.23761323787151573,-0.037,0.14,-0.147
201722,0.31771209341486856,0.38934512776123487,0.10759912186216888,0.322,0.387,0.244
201723,0.21927832085521573,0.301925121082535,0.19610280051441015,0.219,0.335,0.249
201724,0.004198960212905614,0.07935185602228634,-0.05484144252206227,0.0,0.182,-0.025
201725,-0.03794775111461451,0.31119872360272477,-0.06227957486020669,-0.038,0.303,-0.119
201726,-0.1275971194450918,0.1052203477883355,0.046143084953784066,-0.125,0.116,-0.034
201727,-0.003405853067452764,0.05151906655767645,0.038885492246320014,-0.003,0.006,0.036
201728,-0.27536374621945064,0.11488135139523428,0.010877772393623211,-0.272,0.117,0.011
201729,0.3783786814089729,0.09100446693818215,-0.3923936890960179,0.372,0.036,-0.429
201730,-0.0773551819224457,-0.08774504046369686,0.051750516268054075,-0.076,-0.11,0.037
201731,0.20378567522789354,0.00520498743634823,-0.08018659965670427,0.201,0.053,0.004
201732,0.18970864800150544,-0.061789066841724416,0.2557718575232929,0.171,-0.045,0.276
201733,0.0814765983016072,0.07065631441096577,0.19102562235333492,0.024,0.034,0.156
201734,0.07079291370064811,0.1645552209796221,-0.21757438759564135,0.093,0.133,-0.166
201735,0.038967232951731136,0.17363082623337428,-0.09459483726335344,0.042,0.419,-0.119
201736,-0.10564140402462074,0.044562647290653616,0.16665727576938677,-0.103,0.025,0.212
201737,-0.15993162232393734,0.012692906874940735,-0.1007855532723613,-0.16,-0.013,-0.054
201738,0.058800318772469294,0.04165424192840168,-0.10064405316319355,0.059,0.108,-0.059
201739,0.11520618138698355,0.14238071867938856,-0.20651198447389382,0.115,0.126,-0.139
201740,0.00562927199346702,-0.044132970633434764,-0.024229520414923933,0.005,-0.036,-0.024
201741,0.17294781100816128,-0.1533878627643723,0.05435551964568498,0.175,-0.135,0.065
201742,-0.023447771189949528,0.08035657201022259,0.011362079158150363,-0.023,0.011,0.042
201743,-0.022133418582459752,0.04213124266288164,-0.14798411855325294,-0.022,0.028,-0.148
201744,0.1817616596395528,-0.057212462667997954,0.21703888979468022,0.182,-0.134,0.195
201745,0.006112143716671171,0.048448753653301556,-0.1146019301543459,0.009,-0.04,-0.099
201746,0.16040044224103883,0.017813907702220494,-0.02342411664412598,0.169,0.057,-0.038
201747,0.1739232269406182,-0.023705805925558265,-0.09319420488401739,0.172,0.013,-0.157
201748,0.16493258311154438,0.05151783183298056,0.019431899572233034,0.167,0.068,-0.001
201749,0.2638906874075997,0.014436814820435795,0.20646819278711775,0.263,0.022,0.214
201750,0.38543102109216376,-0.007497970668997989,-0.17988508951894328,0.377,0.157,-0.13
201751,-0.025427720502925206,0.1848877828752217,-0.2310621709672188,-0.02,0.141,-0.245
201752,0.07472140576891975,0.7762005784169917,0.36036200047944833,0.148,0.53,0.361
201801,0.34770210431458703,0.9825502478619728,0.4185849036717932,0.342,0.931,0.465
201802,-0.15026809655318832,0.2581919421492941,-0.21178648160274946,-0.15,0.488,-0.252
201803,-0.21418597441805134,-0.013086990126119469,-0.0806270253382412,-0.215,-0.019,-0.095
201804,0.055604170046510665,-0.09873812208268559,-0.09515043113187532,0.058,0.062,-0.034
201805,-0.3403248609443323,-0.021461646374652255,0.05372093032017039,-0.34,0.0,0.052
201806,0.0022243275378474986,-0.05922547603309454,-0.017952777839946095,0.002,0.008,-0.013
201807,0.21049622888899452,-0.018087250158985713,0.008073475884051884,0.21,-0.021,-0.013
201808,-0.10896364642091039,-0.025803733598368114,0.017962582052460423,-0.109,0.069,0.02
201809,0.09160801842866359,-0.013368925156176215,0.10621076265903398,0.093,-0.019,0.103
201810,-0.17601559403978992,-0.028983723315361087,-0.0046729287862231905,-0.176,-0.013,-0.013
201811,-0.19344590182052357,-0.04908211744877103,0.02501917595131839,-0.194,-0.033,0.039
201812,0.039475601396442114,0.03006145202779431,-0.17317313901062983,0.039,0.018,-0.164
201813,-0.22926067010076842,0.04640789433595163,0.0017740443591977573,-0.229,0.07,0.012
201814,0.04064022319976787,0.02372903605582896,-0.046251113320147766,0.04,0.008,-0.065
201815,0.2584025948939507,0.025242662751099376,0.00020536498004361525,0.258,0.022,-0.019
201816,0.15001926956658895,0.018262978047046685,-0.03549987714195657,0.15,0.186,0.035
201817,0.1251139081099638,0.007396791903142824,0.09697803274413119,0.124,-0.021,0.085
201818,0.0347322176616064,-0.051577619754090635,-0.029992923029191203,0.037,0.011,-0.011
201819,-0.1100462569750462,0.0038155288573029356,-0.024758948052745602,-0.11,0.012,-0.046
201820,-0.04390061207690983,0.03331621319332045,-0.024010506480253095,-0.043,0.063,-0.036
201821,-0.16733856870706273,-0.01651373585187893,0.009663087428226205,-0.167,0.003,0.019
201822,0.07479519677906458,-0.041437079455121324,-0.0575121041131926,0.075,-0.043,-0.058
201823,-0.15696714749735216,-0.028185177194000433,0.07062591191053781,-0.157,-0.035,0.055
201824,-0.06387188700198752,0.0038969069067816345,0.04515313589211577,-0.065,0.0,0.047
201825,-0.09678266644226162,0.002427369542126509,0.02505996962679112,-0.096,-0.008,0.043
201826,0.018617494944999993,-0.02966305618745036,-0.07912922181293083,0.018,-0.029,-0.082
201827,0.05783195435039052,-0.0055196309418570205,-0.05342249325659246,0.058,-0.03,-0.022
201828,-0.073727759106142,-0.014971222108011037,0.06985670688879816,-0.073,-0.023,0.061
201829,0.09871900161893105,-0.026418424730898157,0.045560166133606694,0.099,-0.027,0.058
201830,0.06160652111567314,-0.061368740617408706,0.013342116958436408,0.06,-0.063,0.039
201831,-0.13939679632957228,-0.03662931812793624,0.02469160063004687,-0.139,-0.051,0.016
201832,-0.1690302225840351,-0.0175825334925149,0.04433259635652047,-0.168,-0.022,0.063
201833,0.01402803551289468,-0.01819672930322809,-0.03880077430069806,0.013,-0.037,-0.067
201834,-0.008069629817616622,0.013573527569745671,-0.02751916706715301,-0.008,0.004,-0.031
201835,0.09990321583930845,0.01566035659946169,-0.012989079741346152,0.1,-0.001,-0.023
201836,-0.18043525229407417,-0.0259200981464055,0.055043623624989296,-0.18,-0.02,0.038
201837,0.03928364125199326,0.03018500679967845,-0.06514575746740821,0.039,0.029,-0.032
201838,0.11104070878757744,-0.029460312076242764,-0.04461415244810914,0.111,-0.041,-0.055
201839,-0.01452440342083052,-0.012509889856562826,-0.028574411956304807,-0.014,-0.022,-0.019
201840,-0.02408667240119149,0.06651109257355625,-0.07776285862389272,-0.024,0.042,-0.083
201841,-0.08348210607878467,0.036521185160119644,-0.004517938620914166,-0.084,0.002,-0.002
201842,0.04624752343582685,0.036477973219618896,-0.010116267875227361,0.047,0.019,-0.025
201843,-0.00016082235750281218,0.06585904790196803,0.007381906439821684,0.0,0.054,0.013
201844,0.0018137871084517986,0.012068783045459431,-0.06284902157194255,0.002,0.013,-0.055
201845,0.00935285602058178,0.011472770877218352,0.021946626217275323,0.01,-0.025,0.034
201846,-0.1289187961538498,-0.0009842939901015257,0.054423899239513136,-0.129,-0.034,0.043
201847,-0.3058102763663468,-0.02442505411255058,0.03592670659794947,-0.306,-0.037,0.03
201848,0.02203961680451208,0.0662681566714738,-0.03747744893079945,0.022,0.038,-0.027
201849,-0.14857533775620388,0.029650747135791355,0.11111204119783677,-0.151,0.06,0.084
201850,-0.10181056675565078,0.04207523790152755,0.06350645680098735,-0.1,0.014,0.148
201851,0.30115918407107184,0.04366006053099625,-0.17854025394452896,0.3,-0.009,-0.279
201852,-0.06523591400525715,-0.0020539950803796087,0.021794445445400577,-0.093,-0.016,0.052
201901,0.07938926325360246,0.024828248226085994,0.0363758816903655,0.079,-0.021,0.033
201902,-0.08999103739599484,0.03152098043512658,-0.06447813353835086,-0.09,0.026,-0.04
201903,-0.038710088558130885,0.06002599923106767,0.008285918663084802,-0.038,0.029,0.014
201904,-0.05011362064045614,0.030363831696473123,0.009253863562412836,-0.05,-0.014,0.023
201905,0.0009750211681994857,0.016949921505556322,-0.012563945686840054,0.001,0.029,-0.006
201906,0.061503473858601984,0.019154223841604742,-0.012629733974302858,0.061,-0.014,-0.027
201907,0.09186271663781177,0.047407661568044476,0.08490786941179317,0.092,0.011,0.073
201908,-0.008135784397710148,0.015373082349094219,-0.06103993246677264,-0.008,-0.029,-0.033
201909,-0.04236864512140831,0.06798358223392985,-0.04970909938405021,-0.042,0.016,-0.02
201910,0.053923175177433794,0.05874924444210144,0.05458336321433546,0.054,0.042,0.079
201911,0.04412927074807515,0.07635954309611802,-0.02520965444310226,0.045,0.032,-0.017
201912,-0.013781311242106593,0.057495714095575676,2.841347002905531e-07,-0.015,0.036,-0.007
201913,0.05934434553315319,0.10404077435110134,0.053487413763887715,0.059,0.066,0.063
201914,0.24891555771081664,-0.0003020444507675635,-0.01364906111914782,0.25,-0.047,0.043
201915,-0.06390790546132245,-0.004077231538713352,-0.0251921987882113,-0.064,-0.02,-0.03
201916,0.04439445687442194,0.010486014724184457,0.012554855216594718,0.045,-0.009,0.033
201917,-0.06866550272541416,0.010291073691396015,0.029352582497311354,-0.069,-0.006,0.023
201918,0.08170063659568864,-0.013690307251119763,0.025602222258314346,0.082,-0.05,0.018
201919,0.24752493504957412,-0.14313379141571064,0.16340872586771454,0.252,-0.198,0.149
201920,0.08112050244216078,0.04446338016133064,-0.10471405397943952,0.082,-0.042,-0.106
201921,0.10721783084394942,0.007156235167719557,0.031785189321685954,0.109,0.755,0.026
201922,-0.054627105971067555,0.039646958948149895,-0.09157314072818645,-0.057,0.02,-0.074
201923,-0.020143632579289018,0.07469154262053267,-0.007832616643234622,-0.019,0.536,0.006
201924,0.13014114213769057,-0.00106539944353215,-7.92696143798316e-05,0.131,-0.053,0.022
201925,0.13173917515511044,-0.050308938732326336,-0.0180435740686548,0.133,-0.047,-0.031
201926,-0.060729476378208413,-0.02723474690371197,0.0038633916704826562,-0.061,-0.018,-0.004
201927,0.10823277432078486,0.01591498162643741,0.026145698355351518,0.117,0.05,0.029
201928,-0.15343723692581182,0.024073785956668203,0.03211837704688578,-0.154,-0.012,0.034
201929,-0.03620567083712569,0.03923841265951023,-0.026291154335528033,-0.036,0.001,-0.07
201930,-0.06694490625241763,0.07027997683093348,-0.04325736731999013,-0.07,0.056,-0.067
201931,0.17589566201449577,-0.04318245910642837,-0.045621570307009196,0.189,1.319,-0.05
201932,-0.048543934663764034,-0.037874107877409996,0.02742123480339418,-0.048,0.017,0.044
201933,-0.04208889535869867,0.06166055734263937,0.007284159357191799,-0.042,0.014,0.023
201934,-0.049545842932741994,0.030228203576776438,-0.06054861261326339,-0.051,0.044,-0.059
201935,-0.02121016572958654,0.016215913194254875,-0.015120746775161006,-0.019,-0.015,-0.072
201936,0.003034316895429878,0.005655908380947832,-0.01018817141353525,0.0,-0.025,0.032
201937,0.000926283584603066,0.08541233224733501,-0.012030828031695699,0.001,0.084,-0.013
201938,-0.040122058017936356,0.02569947251335098,-0.00013366722296023498,-0.041,0.001,-0.036
201939,-0.13727987127964245,0.05422479314610874,0.03873357462911348,-0.141,0.03,0.049
201940,0.005531347123329185,0.05994978077853159,-0.022184143502108032,0.003,0.008,0.009
201941,0.021374859825098555,0.056529443852154804,0.0009351994599430813,0.022,0.029,0.028
201942,-0.01883104740221572,0.01495578620690085,-0.029991334608576323,-0.019,0.026,-0.071
201943,0.100500695106559,-0.0282156618912789,-0.030890711189196632,0.106,-0.05,-0.047
201944,0.020421141334240098,0.07213442452015018,0.017997075431823516,0.021,0.034,-0.019
201945,-0.05135341900056651,0.059981990817360435,-0.046517033909400846,-0.055,0.005,-0.062
201946,-0.05028067766490194,0.06369317692210724,0.006276800734416957,-0.051,0.047,-0.02
201947,-0.14602278353386597,0.03146443104905684,-0.057518416279046386,-0.149,-0.043,0.037
201948,0.02308966773707084,0.0640260691253452,-0.02753922048853796,0.023,0.014,-0.047
201949,0.008063834663472274,0.024559238309567022,0.022809342537538583,0.007,-0.01,-0.004
201950,-0.06522378926297542,0.030756468668260657,0.03753718451250517,-0.069,-0.009,0.015
201951,0.03340074258851498,0.053277808108988065,0.02566868777458539,0.034,0.024,0.016
201952,-0.016432674935897194,0.04253054585494871,0.027752519944395107,-0.012,0.018,-0.001
202001,0.12242443582107913,0.004108353604528339,-0.04192555800722738,0.128,-0.038,0.022
202002,0.10074053730854873,-0.021538802846102975,0.03288773838985387,0.129,-0.089,0.03
202003,-0.0005587894013148726,0.03484681621789269,-0.020971003920513546,-0.004,0.046,-0.025
202004,0.05827027970067884,0.06723415688625711,0.020402625000337724,0.059,0.118,-0.002
202005,0.006192591692276403,0.06965160149279308,0.027588843488370686,0.004,0.068,-0.007
202006,0.13780882171751233,0.05793000332122747,0.04221961110485897,0.138,-0.005,0.126
202007,0.007271675715469413,0.04394872273714058,-0.013995197381515037,0.01,0.078,0.043
202008,-0.09588310857949872,0.055791351914252635,-0.06528150968075623,-0.097,0.004,-0.062
202009,-0.061833750024421805,0.02424777402817447,0.007819652186040995,-0.065,0.006,-0.006
202010,-0.10451563805183114,0.052326323058271076,0.05301905217249822,-0.107,-0.005,0.024
202011,-0.34210800285183135,0.004129383750717974,0.17060714215921494,-0.353,-0.025,0.06
202012,0.2541733923684537,0.016455561623462345,-0.13177858578968876,0.268,-0.017,-0.179
202013,-0.03197174088747882,0.04002996967178152,0.015135396673946613,-0.036,0.045,-0.043
202014,0.12341030764178866,0.021579252123720707,-0.1027955733506988,0.127,-0.001,-0.106
202015,-0.041404050541080546,0.04295490887094359,-0.010984790377004765,-0.044,0.029,-0.013
202016,0.016267820146635418,0.034440334195986855,0.008071429106740545,0.015,-0.013,0.05
202017,0.13283104903018153,0.044315802824673706,-0.006483029063785478,0.138,0.033,0.031
202018,0.11007880566431384,-0.024076625833889226,0.023158023483020936,0.116,0.169,0.03
202019,-0.031995719720442344,0.013264313446693734,-0.006626629556517608,-0.036,0.016,0.061
202020,0.09157923636251834,0.05898072881529769,0.0376173567008771,0.099,0.003,0.075
202021,-0.07432194703283082,0.13519893638782243,-0.036302391914334646,-0.079,0.089,-0.032
202022,0.0803825126915518,0.050224603034470586,0.0386844482988093,0.09,0.033,-0.03
202023,0.02814703589760525,0.016089089476732207,0.12505556776735988,0.028,0.055,0.091
202024,-0.03442042046454906,0.0847429566051528,0.02555238223147042,-0.032,0.041,-0.006
202025,0.016319731802758985,0.07229626054519478,-0.01408700820269742,0.016,0.097,0.001
202026,-0.054888663907312674,0.02466971832463783,0.011834637795005862,-0.056,0.022,-0.025
202027,0.03485082088606829,0.053863273173513075,0.024211284532111185,0.032,0.025,0.076
202028,0.014568046926586897,0.05325566875336703,0.039294982821733646,0.011,0.05,0.031
202029,0.014242329267431983,0.08050622582196844,-0.008239176537694775,0.015,0.091,0.012
202030,0.15827372231357112,-0.021910026383176268,-0.08603254074619152,0.164,-0.098,-0.101
202031,0.06270860833016707,0.06716111445622243,0.11201196779981976,0.065,0.014,0.141
202032,0.016428592388001637,0.09262145738993229,-0.06598777667103531,0.06,0.056,0.07
202033,0.07080278152972137,0.07927718933384256,0.03919256983838666,0.053,0.074,0.047
202034,-0.05478461579602283,0.04052507399267889,-0.015681094259060786,-0.039,0.065,0.04
202035,0.08816993590936331,0.0535210455297838,0.05407437070790789,0.014,0.036,0.02
202036,-0.19047273914061286,0.02408097933162845,-0.06015805631258089,-0.14,-0.07,-0.05
202037,0.0588008695703135,0.01018344219855881,0.012367977899710227,0.04,0.004,0.015
202038,-0.04289163481168796,0.012553978726681975,0.07913123243329413,-0.063,0.05,0.083
202039,0.03942057669784046,0.016522686344263404,-0.00799730076332935,0.035,-0.026,-0.043
202040,-0.04020284561924792,0.014215374869662522,0.03300278734603564,0.002,0.022,0.025
202041,0.08789233577890604,0.02169487096890016,-0.033772784705757605,0.065,-0.016,0.034
202042,0.0033815477650471905,-0.012045339255066794,0.0059096585536538015,-0.006,-0.006,-0.017
202043,0.12010178605107219,-0.04871797523128557,0.0834492555185521,0.073,-0.092,0.072
202044,-0.010630568708170912,-0.01975966183176822,0.08292672209019539,0.002,-0.063,0.042
202045,0.10125384985838616,0.03690476394019844,-0.09907931878815186,0.115,-0.062,0.047
202046,0.12754295410435051,-0.0536525520006256,0.03953554334529177,0.072,-0.028,0.019
202047,0.1532695882800567,-0.020513101228744307,-0.027141826259420396,0.164,-0.068,-0.033
202048,-0.033411710046934336,0.037470911342384755,-0.1079466539909913,0.047,-0.052,-0.02
202049,-0.06064410855952564,0.09614390270089543,-0.02208124784869876,-0.026,-0.001,-0.014
202050,0.03628600798615845,0.026081468437490755,-0.058708743303171634,-0.011,0.02,-0.031
202051,0.16340269055899379,-0.051955079146789596,-0.017873439112473504,0.132,-0.115,0.015
202052,0.1642115481676603,-0.05949005076960581,0.22470158689936606,0.188,-0.147,0.261
202101,0.37736079856319943,-0.09881917780023719,-0.06591407954176191,0.311,-0.085,-0.064
202102,0.004122290201833048,0.06479547758480365,0.007974641430824207,0.004,0.016,-0.092
202103,-0.16937817616283277,0.1541707182848432,-0.1201536987445609,0.014,0.161,-0.026
202104,0.10745817174828072,0.12275782059749903,0.09736987473795349,-0.121,0.122,-0.002
202105,0.14100401829470716,0.13567501198352078,0.07794444946475153,0.254,0.132,0.09
202106,0.29231841349084153,0.15097990934285105,0.1230431939671773,0.2,0.048,0.172
202107,0.09539067516525145,0.26757577543051175,0.01657914772283045,0.144,0.305,-0.054
202108,-0.10743212938537633,0.06999964560143278,0.008819224977101359,-0.038,0.034,0.107
202109,0.04507784945254246,0.05684884065771751,0.015262816742025807,0.013,0.074,0.014
202110,0.17083530314739975,0.10978149584289959,0.11774545174103962,0.097,0.078,0.042
202111,0.008409618381562631,0.3209370270205643,0.03759703516505768,0.054,0.233,0.155
202112,-0.09413235256379363,0.18561398636283968,0.07939449753342569,-0.102,0.177,0.081
202113,0.17977840668806727,0.2442076920050271,0.07387017796627304,0.145,0.175,0.079
202114,0.03767696386104088,0.09496250623253216,0.04577113845933411,0.003,0.102,0.025
202115,0.14289964918211295,-0.02848133338030702,0.06541662836176523,0.17,-0.012,0.083
202116,-0.1588213617517658,0.057753732129742066,0.04516385344288726,-0.095,0.038,-0.002
202117,0.08266779587524509,-0.007191448803994652,-0.019535063570647805,0.041,0.018,0.011
202118,0.14064981810013213,-0.00249401574398439,0.07846544460926647,0.136,0.031,0.064
202119,-0.07530139250690113,0.06373571105979262,0.06397634155473633,-0.08,0.259,0.075
202120,-0.20967025541436612,-0.019043552603734387,-0.005007282493456347,-0.28,0.019,0.005
202121,-0.06627623348983491,-0.012189402285629036,-0.015274337639265237,0.075,0.042,-0.088
202122,0.043652818015411494,-0.02580357441337377,-0.026846210436732035,-0.034,0.017,-0.035
202123,-0.11463080976441574,0.038000954021027086,0.07743711387311383,-0.039,0.034,0.042
202124,0.004452423352071943,-0.03642682112840528,0.04345542814912927,-0.036,-0.028,0.047
202125,-0.1317929113263915,-0.03792439770960848,0.08799631430233859,-0.148,-0.066,0.099
202126,-0.006757111346035085,0.04161780110116228,-0.072779174905981,0.075,0.023,-0.127
202127,-0.01137592768538525,0.03223504996172179,-0.03954126134622699,-0.011,0.031,-0.054
202128,-0.04538426201106899,-0.019315216750915618,0.02032157457375166,-0.067,-0.029,0.064
202129,0.006311506495109902,0.004575299597308601,-0.036505998817418325,-0.029,-0.029,-0.017
202130,0.19198747510899977,-0.005552490635684776,-0.062772928918124,0.176,0.082,-0.067
202131,0.0723338103495584,0.04739372047896981,-0.06256849626650315,0.053,0.06,-0.108
202132,0.10824609105389496,-0.004259136070840011,-0.01996840317702707,0.16,0.01,0.014
202133,0.08892950235925552,-0.0002243970853652716,-0.01655386908805742,0.012,-0.006,0.032
202134,-0.007020578463541698,0.0798143657512035,-0.08503635415524018,0.085,0.056,0.025
202135,0.12307661963804978,-0.02819276354388907,-0.03149904270295592,0.048,0.153,0.049
202136,-0.04581426762520653,-0.02000001054358122,0.06549277597248224,-0.055,-0.039,0.011
202137,0.019296644826911274,0.030308955013009887,-0.036065174327797704,0.044,0.022,0.021
202138,-0.06912395001656996,0.011415334992984187,0.025011267680483354,-0.107,0.046,0.011
202139,-0.05006159745256474,-0.02548471226274212,-0.013310367223326666,-0.061,-0.001,0.018
202140,0.18413304208344553,-0.026460022496193558,0.016148482409066064,0.247,-0.061,-0.061
202141,0.041754747603907294,0.005195551629772165,0.05137269591395094,0.021,0.019,0.076
202142,0.05607074728236528,0.014224871238604664,0.07897743364189015,0.117,0.003,0.013
202143,0.01001436172924339,0.03220674302562726,0.046326213246944734,-0.071,0.074,-0.007
202144,0.045155396116321654,0.06521093568567803,-0.09467955864028947,0.118,0.167,-0.012
202145,0.04952910740847161,0.050411275528854035,-0.007687070863185515,0.015,0.022,0.028
202146,-0.13460783140264895,0.05027210714349474,0.01615431643601426,-0.06,0.071,0.037
202147,0.07763624717750858,0.024633404595016895,0.11186263195215006,-0.03,0.026,0.104
202148,-0.0325775596215161,-0.015265339693720882,-0.0691030704458239,0.019,0.015,-0.03
202149,-0.1518968767425588,-0.010764102055915381,0.028340203834719538,-0.097,-0.038,0.007
202150,-0.015312148182118571,-0.04925148231070312,-0.02403663034887075,-0.061,-0.064,0.057
202151,0.08362674014661843,-0.041092323897848594,-0.0352702970275037,0.01,-0.017,-0.027
202152,-0.08587634415889615,0.03875326688362017,0.01092827526829815,-0.029,0.022,-0.009
202201,-0.11193864383817888,0.05610812499422921,-0.025899968418920193,-0.065,0.056,0.014
202202,0.046854713132836366,-0.020344887319055815,0.010382011780600444,-0.024,0.012,0.005
202203,-0.19695134356516533,0.02091215040222455,0.018487883148344916,-0.061,0.026,0.036
202204,-0.00668580725850709,-0.028404633599295192,-0.030032478404117234,-0.137,-0.057,0.102
202205,0.10856975035427051,-0.03466556517332678,-0.023458115415118497,0.021,0.016,-0.071
202206,0.005326883664012273,0.0015221979042608965,0.010667339104212928,0.146,-0.037,-0.029
202207,-0.050482568304796666,-0.009439905808377017,0.001693263438825282,-0.069,-0.017,0.007
202208,-0.027446283020721177,-0.05696545216707282,0.03648072593694538,-0.076,-0.088,-0.011
202209,-0.024092600874746625,-0.011990091054043531,-0.011287428362078928,0.094,-0.029,-0.071
202210,-0.01265749572585635,-0.017599037185292266,0.0158360579823656,-0.065,-0.028,0.034
202211,0.08712602218080416,-0.019543273222793006,0.026315820011474512,0.039,-0.016,0.016
202212,0.06725509875268228,0.022452060017098763,-0.04937681203978828,0.084,-0.022,-0.029
202213,0.08206817415116395,0.019815005970301128,-0.00017887622486296995,0.046,0.007,0.003
202214,-0.09431842803456889,0.03901305092627798,-0.07160261166483525,-0.033,0.025,-0.055
202215,-0.040921989472905394,-0.011755689102300224,-0.01562035038104476,-0.077,-0.009,-0.069
202216,-0.020830630532590946,-0.003234807450856289,-0.00241413742975906,0.003,-0.003,0.022
202217,-0.05276647837239617,-0.033553745700322,0.07082445577922572,-0.031,-0.033,0.077
202218,-0.060162209386819196,-0.00757545085882555,0.021531379428472185,-0.076,0.1,0.047
202219,-0.24433885293441246,-0.07427373148141928,0.14313996851998476,-0.268,-0.088,0.172
202220,-0.01212580778144417,0.060836758560733555,-0.07277738200565073,0.047,0.055,-0.123
202221,-0.059007749929167456,0.01705013485619508,0.04734695314423418,-0.052,-0.003,0.037
202222,0.11880185624825497,-0.02951556416734684,-0.07419691411107526,0.03,-0.03,-0.015
