week,n,q1,q2,q3,q4,q5,hl,to_long,to_short,turnover,cost,hl_net
201521,25,0.01507658225290498,0.02375455557167599,0.2857882656220442,0.25888400743679874,-0.03674889864774979,-0.05182548090065477,1.0,1.0,1.0,0.007,-0.05882548090065477
201522,28,0.05095683558767782,-0.035460702675904586,-0.06916569098213828,-0.08509795817943798,-0.10435699257999646,-0.15531382816767428,0.9425676213373736,0.9941103038924425,0.968338962614908,0.013601855190622045,-0.16891568335829632
201523,29,-0.00845515311478784,0.01285527690916053,-0.029486089235210705,0.005488474860276815,0.1992801010779925,0.20773525419278033,0.6864470676325627,0.12818069055537978,0.4073138790939712,0.005108271366378283,0.20262698282640204
201524,30,0.14423035681663401,0.14173475328270463,0.09134250369776123,0.2878013735207103,-0.16973913865267132,-0.3139694954693053,0.8211868355090991,0.9197766363793144,0.8704817359442067,0.012784144425738699,-0.326753639895044
201525,33,-0.03247220838405283,-0.023784980533485066,-0.06217005100786184,-0.035810137956598855,0.0746418454222644,0.10711405380631722,0.9953241240803903,0.7322718821569034,0.8637980031186469,0.01183011980173757,0.09528393400457966
201526,31,-0.006573698120267784,0.05926312632616699,0.07507029336261704,0.1577220455124367,0.1266761844599314,0.13324988258019918,0.027777084614438292,0.7575931904280376,0.39268513752123796,0.006402914439697312,0.12684696814050186
201527,34,-0.03940457913924557,0.029405044680669047,0.0066486495119397054,0.04779816426738923,0.08524288648321238,0.12464746562245795,0.02497394604265103,0.3289562166355651,0.17696508133910807,0.003147846855543968,0.12149961876691398
201528,31,-0.04097720471834495,-0.09166283123230595,0.11309895014407029,0.05610162785913529,-0.28736869326179354,-0.24639148854344858,0.5229229561515837,0.3402735551634117,0.43159825565749765,0.006478949615232781,-0.2528704381586814
201529,31,-0.011810114722735413,-0.1038805857513772,-0.09133084315465861,-0.004439288944502453,-0.030562743695666302,-0.01875262897293089,1.0,0.17576537644881515,0.5878826882244076,0.007417906626379771,-0.02617053559931066
201530,32,0.11760784843798529,0.061881338726135826,0.168458710294061,0.04559587063805508,0.08816925578522629,-0.029438592652759,0.9990657125013331,0.9836586229386634,0.9913621677199982,0.013864350461847542,-0.04330294311460654
201531,32,-0.08950760198601174,-0.05141711987656229,-0.03662907593869988,-0.027666005953784514,-0.08260953398966606,0.00689806799634568,0.9742843808723212,0.9802835252077188,0.9772839530400199,0.013654879552564704,-0.006756811556219024
201532,31,-0.015126065738174007,-0.0756710667454606,-0.1152745892470203,-0.05137904617459375,-0.07498258440872747,-0.059856518670553464,0.05692104335109368,0.683187629214441,0.37005433628276735,0.005852877461412345,-0.0657093961319658
201533,25,-0.17010095461601746,-0.23794770889619532,-0.14891409015036042,-0.08822332423109758,-0.20099199748900068,-0.03089104287298322,0.8784429543984685,1.0,0.9392214771992342,0.013342787338338687,-0.044233830211321906
201535,25,0.028874486647528067,-0.04702973855264423,0.03184659723744363,-0.0196004441382125,0.015577319366861169,-0.013297167280666898,1.0,0.9714152003432593,0.9857076001716296,0.013772753753779104,-0.027069921034446002
201536,28,0.04854217537954516,0.010991746571190474,0.13417539718574212,0.03319738042302087,-0.07060769243526224,-0.11914986781480741,0.9969521949432099,0.9661502727713509,0.9815512338572804,0.013712971360470023,-0.13286283917527744
201537,26,-0.08798537947844663,-0.024893507595437646,-0.05269257970819142,-0.07152596436541417,-0.038068798883897886,0.049916580594548746,0.9970726187320749,1.0,0.9985363093660374,0.013982435712392449,0.035934144882156294
201539,27,-0.16183942732987677,0.0244986653430686,0.039589695407539066,-0.019770708086515543,-0.0346128013296605,0.12722662600021628,0.9962976058438899,0.08216636279945888,0.5392319843216744,0.006621066935874586,0.1206055590643417
201540,29,-0.02264536858172877,-0.10470398368966329,-0.004161288711300753,0.02876676993296831,-0.11929899768744855,-0.09665362910571978,0.2956144060825433,0.28352567414175384,0.2895700401121486,0.004149323654358306,-0.10080295276007809
201541,28,-0.02208744193710228,-0.029894197803352614,-0.03426023965192005,0.019417558093400258,0.03700356990457483,0.059091011841677116,0.9987536196151139,0.24448192232969138,0.6216177709724027,0.007948377096328216,0.0511426347453489
201542,28,-0.084511679059495,-0.030156517327218902,-0.07676430924245946,-0.11770221168718539,0.05311741995286251,0.1376290990123575,0.03756671139300093,0.8225832715450441,0.4300749914690225,0.0066207440165925256,0.131008354995765
201543,30,0.19729917965459423,0.07990199119497379,-0.0019949663082411036,0.0031439075497249947,0.1441743707856995,-0.05312480886889473,0.034765908956293494,0.8441961448567864,0.43948102690653995,0.006982028444295114,-0.060106837313189845
201544,29,0.08303584578559127,-0.04559249193356786,0.34296438910670685,0.14883055997790864,0.3435077648236669,0.26047191903807565,0.01752818540170708,0.3828825444549017,0.2002053649283044,0.0021658067502216675,0.258306112287854
201545,26,-0.1268413028946074,-0.1244836272301364,-0.13237754910547075,-0.27956234757863463,-0.2440748647295017,-0.1172335618348943,0.011912158622126452,0.14213888706737843,0.07702552284475243,0.0010813422807897256,-0.11831490411568403
201546,25,0.06781585905566385,0.008607148639206488,0.07767456846981176,0.06387976361720173,0.12139329424266342,0.05357743518699956,0.9989068172184192,0.9714138768976012,0.9851603470580101,0.013734992545786612,0.03984244264121295
201547,27,0.012553311075852794,0.04235395386161658,-0.01922020792430793,-0.0751666425525677,-0.11196812192182061,-0.1245214329976734,0.8906037115652484,0.9608475676256698,0.9257256395954592,0.013030402810396849,-0.13755183580807026
201548,26,-0.04112061128050974,-0.009043003881473778,0.08875440492692006,-0.003719067974047241,0.05157447384698738,0.09269508512749712,0.873333809492506,0.9360735187316844,0.9047036641120952,0.012804528610128273,0.07989055651736884
201549,27,0.00964290117900093,0.9382521643106266,0.14931141600466669,0.08689956764421676,0.1621311421515103,0.15248824097250938,0.9984497019916746,1.0,0.9992248509958372,0.013990698211950049,0.13849754276055934
201550,30,0.2082514135295833,-0.027819799285443952,0.07381476072122216,0.0035268992218263143,0.07621845676567575,-0.13203295676390753,0.045222426592440856,0.2549879994938753,0.15010521304315808,0.002033148084104372,-0.1340661048480119
201551,29,-0.057579469041488286,-0.01564212101483184,-0.0341967462714322,-0.10013378074170448,-0.02869430341980109,0.028885165621687196,0.0337854994515739,0.9424923437392659,0.48813892159541994,0.00768171206566663,0.021203453556020567
201552,31,-0.027159602199561206,0.0016445407378882088,0.03655849620163566,0.002108587167171139,-0.02674957718647977,0.0004100250130814366,0.010416040313240265,0.9052154896617254,0.45781576498748283,0.007311677999021329,-0.0069016529859398925
201601,32,0.013564360530936674,0.009696273938827642,0.06341107471602006,0.03599622230882449,-0.029433629602314694,-0.04299799013325137,0.9999999999999999,0.566750691030911,0.7833753455154555,0.010534005528247289,-0.05353199566149866
201602,30,0.11243239193604943,-0.07390796754726048,-0.05978043977145563,0.18444017991806716,0.46061038546918703,0.3481779935331376,0.9604344143835907,0.9928584819466093,0.9766464481651,0.013678099018499772,0.33449989451463785
201603,30,-0.05159114614143624,-0.04461329261723455,0.001062905807110456,-0.13038759992068688,0.21892970629399036,0.2705208524354266,0.8846027066059047,0.986063533585824,0.9353331200958643,0.01319612450832202,0.2573247279271046
201604,31,0.1692428225820237,0.012083777723594107,-0.06930557144170651,0.12962686227398101,0.4484009428601542,0.2791581202781305,0.26219882891571406,0.4505714442785408,0.35638513659712745,0.005236667704798562,0.2739214525733319
201605,38,0.024217905331327647,0.0976557427052736,-0.05084290434155224,-0.055823661850147414,-0.01954994311502695,-0.0437678484463546,0.18734033675292433,0.9995010918104028,0.5934207142816635,0.009569201707977508,-0.05333705015433211
201606,40,-0.16879452431500644,-0.025007335181227386,0.1410302391673344,0.05437059609970334,0.6497069527835944,0.8185014770986008,0.5528792882072235,0.9989282029218695,0.7759037455645466,0.011308397381463525,0.8071930797171373
201607,44,0.07729087229350601,0.1124986883716589,0.023469647459036833,0.02413598252655233,-0.14770387032660268,-0.22499474262010868,0.03574083793501087,0.8234294985888608,0.4295851682619358,0.007800723144919183,-0.23279546576502785
201608,46,0.021435028309259575,-0.06445996127641455,0.01075967833631112,0.023943492264069447,0.17035760756660337,0.14892257925734378,0.9610340827352817,0.8714870616936757,0.9162605722144788,0.012824370017744943,0.13609820923959884
201609,45,-0.07752798057374968,0.01383876773595904,0.06149786678060267,-0.006943023119418816,0.5083151542339484,0.585843134807698,0.9145189530860798,0.47461462842503416,0.6945667907555569,0.00899444579683791,0.5768486890108601
201610,46,0.029765209090911165,0.3608648944328383,-0.0070965991072789855,0.14455968068726172,0.20829046771608703,0.17852525862517588,0.013462109506784814,0.29861407860186573,0.15603809405432528,0.002416367243794267,0.1761088913813816
201611,50,-0.004380449875870835,0.00835603624810642,0.007805011002829005,-0.006621091840400408,-0.02433798942740345,-0.019957539551532615,0.07542289886502657,0.8257839997797084,0.4506034493223675,0.007120278928828814,-0.027077818480361428
201612,52,-0.02369728846428444,0.009839256307537427,-0.009360278102669518,0.01386986869585429,0.02058131166171251,0.04427860012599695,0.96782979793458,0.8099137034132571,0.8888717506739185,0.012242984925383744,0.03203561520061321
201613,57,0.03355243904680274,-0.0032142348680727463,0.011528663183065533,-0.09458483958722763,-0.061794048409337284,-0.09534648745614002,0.2750653368953502,0.5217171673120227,0.3983912521036864,0.006288419313590653,-0.10163490676973068
201614,57,-0.07179177713069858,0.01375658509222512,-0.11087166193327859,0.061231655098513096,-0.09865836820026994,-0.026866591069571358,0.8724307573895608,0.935705951074899,0.9040683542322299,0.012752568288004237,-0.039619159357575595
201615,55,-0.019541089301935512,-0.13947555645777224,-0.022749835872139596,0.001814273510731478,-0.17426178251076227,-0.15472069320882675,0.8756222358019006,0.7902206951445908,0.8329214654732457,0.011769312157245092,-0.16649000536607184
201616,54,0.01694911602658096,0.1198395776614766,-0.03498391159256212,0.010610299054226818,0.05804483197737898,0.04109571595079802,0.998208341890201,0.9795304073063626,0.9888693745982818,0.013825493309792108,0.027270222641005912
201617,53,-0.09854559159670778,-0.10363420635147251,-0.013379292323499702,0.036568674117284795,-0.004912820706406617,0.09363277089030117,0.03869731083608159,0.9707314568043212,0.5047143838202014,0.00798408479731986,0.0856486860929813
201618,53,0.3433684231248478,0.009307175963352756,0.058500608167618026,-0.05125146982741804,-0.0029190487829527886,-0.34628747190780057,0.03435901930744591,0.9919948924412477,0.5131769558743469,0.008167050579355262,-0.3544545224871558
201619,51,-0.00040341840563957055,-0.022057688601906118,-0.04620618806019493,0.014837131170665986,0.023623088734164733,0.024026507139804303,0.9757964217649728,0.9915263388815935,0.9836613803232832,0.013759445779439331,0.010267061360364971
201620,50,-0.007102717128219652,-0.08321702888471119,0.03733196739113814,-0.03864270602438935,0.01635907971561294,0.02346179684383259,0.8723861874745413,0.09595279688389677,0.48416949217921906,0.00600193949991842,0.01745985734391417
201621,49,-0.09523058337493251,0.032901105880918546,-0.05151011370000153,0.08287041727784315,-0.1466512988778387,-0.051420715502906195,0.8490063027651978,0.9884405755589188,0.9187234391620583,0.013268474451383759,-0.06468918995428996
201622,50,0.03402405098031728,0.05030553799061141,0.08762253112922018,0.18541340031215214,0.09689123909652504,0.06286718811620776,0.1812112916537309,0.9577224394665527,0.5694668655601418,0.008768991135489096,0.05409819698071866
201623,50,0.0624696187470908,0.03588087154541798,-0.0019454717958243947,0.04264542537565908,0.06661310690168211,0.004143488154591313,0.97267247568751,0.9364749997353219,0.954573737711416,0.01334274091020957,-0.009199252755618257
201624,51,0.2359094377053883,0.13949161829352913,0.1982192076413229,0.34126915750766673,0.22689011388605032,-0.009019323819337982,0.998369159254778,0.642567362918254,0.8204682610865159,0.011133799329491505,-0.020153123148829485
201625,55,-0.12676670715428956,-0.14478555381628017,-0.07925245350680638,-0.27776427668393877,-0.20128609921300847,-0.07451939205871891,0.9976679720704735,0.8220713672312483,0.9098696696508609,0.012116703550466748,-0.08663609560918566
201626,56,0.04652101480152299,-0.00439794589232588,0.07899966133589907,-0.07700212186489022,0.23109800010426707,0.18457698530274408,0.9892359904482098,0.934661722796265,0.9619488566222374,0.013436492776977324,0.17114049252576674
201627,57,-0.18422856124873946,-0.005060463463719561,-0.04865384203878566,0.017299802940925514,-0.22751380131514137,-0.043285240066401914,0.7508890637874795,0.9900445427247124,0.870466803256096,0.013157507931296313,-0.05644274799769823
201628,60,0.13236525020423362,0.08934542206038408,0.026432416097505775,0.14438293978524205,2.2635481255141654,2.131182875309932,0.8060984023882826,0.05334083728825009,0.42971961983826634,0.005979376527846828,2.1252034987820854
201629,61,0.015865019470997936,0.009137123183462891,0.060752870337194856,0.09423664980564335,-0.062342273697449054,-0.07820729316844699,0.19535619719569472,0.9617696807853183,0.5785629389905065,0.012122161267359493,-0.09032945443580648
201630,62,-0.011829060233587494,-0.04812033725410621,-0.015859869757217676,0.011472745070620374,-0.17556115821272697,-0.16373209797913948,0.2338132073094444,0.8951630989670556,0.56448815313825,0.008476301501779977,-0.17220839948091946
201631,59,-0.13859786071065194,-0.04591534231178055,-0.11953490398043075,-0.1261783344273497,-0.011785596218371167,0.12681226449228078,0.7942130591211003,0.30850330143728455,0.5513581802791925,0.0074329820263622625,0.11937928246591852
201633,62,-0.02562816569743632,0.03864653390803937,-0.024254212608982022,-0.06778601203043903,0.14240670561495578,0.1680348713123921,0.3947914916689364,0.9139019862492794,0.6543467389591079,0.009706333962552884,0.1583285373498392
201634,56,-0.15769488970804155,0.00035955990471110493,0.005347997999659977,0.02435398865773078,0.03511012051153415,0.1928050102195757,0.5249796229980596,0.9635485864433968,0.7442641047207281,0.010865630291763748,0.18193937992781195
201635,59,-0.10157761869518639,0.035614974932219656,-0.03066612212933772,-0.002066510250474995,0.27431083838204573,0.3758884570772321,0.6740678687915826,0.8691036275759236,0.7715857481837531,0.011533531160469287,0.36435492591676283
201637,72,-0.00039039316761117727,0.050870147610960925,-0.020645456477086672,-0.08123368438209223,-0.22370835765619876,-0.2233179644885876,0.474966071660547,0.9365216458554805,0.7057438587580137,0.011392437298570156,-0.23471040178715774
201644,71,-0.11073734809201168,-0.12408482987278953,-0.06213971608114863,-0.05547782463762112,0.0003915890230882307,0.11112893711509991,0.9975502919667957,0.9155985741406016,0.9565744330536987,0.013368139449552252,0.09776079766554766
201646,67,0.011501138100935237,-0.0298241182038048,-0.056871153663542805,-0.05763488939823325,0.035251653980773866,0.02375051587983863,0.012978896081987223,0.9358408167970793,0.47440985643953326,0.007546649296286757,0.01620386658355187
201649,66,-0.022682432727249402,0.04523876411628146,-0.051388444932375064,0.01828524904977363,0.027511353781466907,0.05019378650871631,0.992170429948693,0.9884499415163731,0.990310185732533,0.01386371945903805,0.036330067049678255
201650,68,0.020453594378186855,0.01578554029588862,-0.037463721472969044,0.027232701192687045,0.008478675805959934,-0.011974918572226921,0.9941891513066801,0.972001822869043,0.9830954870878615,0.013728129540714857,-0.02570304811294178
201651,67,0.03820873651090508,-0.029796542585494544,-0.0292114647908389,0.11011977844686141,0.07433566089647237,0.036126924385567284,0.9979823377704021,0.8392137035817107,0.9185980206760564,0.012437005139100631,0.023689919246466653
201652,66,0.06548019868820802,0.016432107339429847,0.13942466714717153,0.25638751860711034,0.11380833583444125,0.04832813714623323,0.9944199036049043,0.9809450381146989,0.9876824708598015,0.013814079726547017,0.03451405741968621
201701,68,0.02824686896635018,-0.023717437556524758,0.14535257648646477,-0.035253535589583336,-0.05512514384091952,-0.0833720128072697,0.030246386006112597,0.9975349265943586,0.5138906563002356,0.008160597700564992,-0.09153261050783469
201702,67,0.010966633213161905,0.03853347672023505,-0.09887504479747979,0.04682095672675993,-0.0549391348715225,-0.0659057680846844,0.9700404994434689,0.6355387337792686,0.8027896166113688,0.010919104983918761,-0.07682487306860317
201703,74,0.12436165290147021,0.13181461845285844,0.1461044381372695,0.12600046698658757,0.007689403879719733,-0.11667224902175047,0.9874488736712228,0.9971718950008298,0.9923103843360264,0.013918793138227588,-0.13059104215997805
201704,81,-0.005271348821203541,-0.02237542481538093,0.0009465313876541124,0.010821934285900042,0.12694331356551902,0.13221466238672255,0.9223169521377754,0.9980433415302699,0.9601801468340226,0.013594394837760426,0.11862026754896213
201705,84,0.039923347047940316,0.07734774154749999,0.12985718621839623,0.18357188755355344,0.187661216890517,0.1477378698425767,0.7833775359046069,0.48538133851181275,0.6343794372082099,0.008731626934704279,0.13900624290787242
201706,87,-0.024368584410746748,-0.04425750349684865,-0.06860527366747345,-0.034634098902163735,-0.0708627585157009,-0.04649417410495415,0.8492039314451639,0.47022977879534883,0.6597168551202564,0.00877143270472942,-0.055265606809683565
201707,86,-0.08252010112513342,0.050375150659277626,0.023339060132295034,0.04972632466028588,0.11623837612055972,0.19875847724569312,0.9429152307603452,0.4004234325645472,0.6716693316624462,0.008860878845078449,0.18989759840061468
201708,89,0.0012713766880216937,-0.03767971572204481,0.019052238744496946,-0.05044714260215731,0.07947661548662752,0.07820523879860582,0.9308129078549764,0.3853944928120003,0.6581037003334883,0.008448497392421718,0.0697567414061841
201709,91,0.027229428304400387,0.10131018667224455,0.13581099771200694,0.01919829673756255,0.11892248704235829,0.09169305873795791,0.018738348022895902,0.818314450821363,0.41852639942212944,0.0065904711061799915,0.08510258763177792
201710,94,-0.053426731119953906,0.10864824967818604,0.029764891192587885,-0.007983751880270248,-0.03527037685211721,0.018156354267836697,0.023603302383775487,0.7522548471868106,0.38792907478529304,0.006257889865203249,0.011898464402633448
201711,88,0.20081483097807132,0.04399416126161293,-0.16952758442215524,0.17168214647073501,0.5197585083356345,0.31894367735756324,0.8767000234331895,0.26740804879352376,0.5720540361133566,0.007461065432647971,0.3114826119249153
201712,93,0.00026514223903476746,0.03900950779839288,0.13371962026485046,0.4338688009654612,0.044783040809302545,0.04451789857026778,0.8093654044935091,0.9990126491310075,0.9041890268122583,0.012837508562960698,0.03168039000730708
201713,108,0.11342826612550488,0.3169928658486438,-0.08141930401638466,0.31796503010359367,0.09586514563384159,-0.017563120491663295,0.9135001225947629,0.007468954464938386,0.4604845385298506,0.005543203209243448,-0.023106323700906744
201714,120,-0.008390816845277663,0.04415692454168172,0.03722543088520524,-0.048871527953058345,0.17928069863619045,0.1876715154814681,0.9879779537810567,0.9976963099471206,0.9928371318640886,0.013927400414549174,0.17374411506691892
201715,124,0.10268750734980409,0.07414005023303888,0.049422422335588925,0.20407012929611265,0.002084399853413346,-0.10060310749639075,0.9959653971222552,0.8203794305103087,0.9081724138162819,0.012538827826816003,-0.11314193532320675
201716,131,0.08061782772150777,0.03853791779197654,0.18700916794059197,0.15267132829704066,-0.07213063783639068,-0.15274846555789845,0.9948120663550759,0.9289987471810129,0.9619054067680444,0.013342942993680228,-0.16609140855157867
201717,143,0.5099078034350636,0.39802760571804696,0.18847426113187488,0.07983835261892405,0.32029717983241807,-0.18961062360264552,0.958326393310722,0.7431474018043146,0.8507368975575182,0.011695137574298848,-0.20130576117694438
201718,155,0.16486951094895336,0.15623302414373463,0.6685639489049481,0.20712268287339994,0.5003767524708934,0.33550724152194006,0.9515561032761518,0.9714779676278731,0.9615170354520124,0.013362455344602304,0.32214478617733777
201719,163,0.027407107647962305,0.02034277765839313,-0.06901611152312598,0.08567756914857162,0.7292131395179785,0.7018060318700162,0.7182731165570168,0.5284204268733245,0.6233467717151706,0.008932446512572275,0.6928735853574439
201720,175,0.16436324403643937,0.183516802156215,0.3935589009037499,0.2797388583370104,0.21545342820770041,0.051090184171261044,0.9860229793477231,0.7981721998833993,0.8920975896155612,0.012295986066569365,0.03879419810469168
201721,184,-0.11878632895800828,-0.18274635514163182,-0.27126085111568965,-0.02022879328455458,0.16267062317182499,0.28145695212983324,0.9918125302119516,0.898242242124383,0.9450273861681673,0.013136167992649404,0.26832078413718385
201722,193,0.36942826056883915,0.39625300464212637,0.36790211420299224,0.23541269496807404,0.4202109618560773,0.05078270128723816,0.17179626593954006,0.9407926690452008,0.5562944674923704,0.0087681264084953,0.04201457487874286
201723,217,0.15313479099265945,-0.02690232681822436,0.49871023389463337,0.1794461581960277,0.08829555028897211,-0.06483924070368734,0.9302859611810369,0.8066869521915591,0.868486456686298,0.01224077610446411,-0.07708001680815145
201724,228,0.01997476906395048,-0.0443347907311885,0.14297062458097892,-0.0785687975754486,0.10423915880784983,0.08426438974389935,0.9798435298402607,0.9585823554643484,0.9692129426523046,0.013547720022756348,0.070716669721143
201725,229,0.006804716363667953,0.12295402263733565,-0.016390149706045028,0.03179815921147716,-0.11801280037226884,-0.1248175167359368,0.15847035304228105,0.8841017858223972,0.5212860694323391,0.007972907994422565,-0.13279042473035937
201726,241,-0.2085126095908671,-0.10524402557858055,-0.13171253642084155,-0.18006957483579686,-0.19525648710526486,0.013256122485602234,0.9864151479165064,0.6981488275091347,0.8422819877128205,0.011543446771896643,0.0017126757137055915
201727,249,-0.038553830428423565,-0.05918183681878072,0.00527456899586362,0.12986277053189407,-0.012565086827776626,0.025988743600646937,0.784100536934111,0.43297733291280643,0.6085389349234587,0.00819895646426368,0.017789787136383257
201728,252,-0.38318467595811345,-0.3024074264502129,-0.31517251683147246,-0.23306012010920768,-0.309825303625309,0.07335937233280443,0.8073766395270999,0.8011644199602947,0.8042705297436974,0.011066110019186613,0.062293262313617814
201729,260,0.39665318419015666,0.2391558041592514,0.39841001725638436,0.5148601075885387,0.21509465711432638,-0.18155852707583028,0.5657607624937641,0.9892233397911037,0.7774920511424339,0.011514069494539713,-0.19307259657037
201730,269,-0.12106416578474538,-0.10771183085782991,-0.1037017228472884,-0.08678450612789307,-0.05156976157836263,0.06949440420638275,0.9982566717149954,0.9975413437623892,0.9978990077386923,0.013958887900220311,0.05553551630616244
201731,279,0.1643242258539322,0.10909386742168813,0.24257325217940212,0.2662264350174689,0.20171190062683803,0.03738767477290583,0.11972906523902019,0.7862517547561201,0.4529904099975701,0.006959428446318677,0.030428246326587156
201732,287,0.09897865316910723,-0.016884994977933086,0.023499832336429605,0.013096517436471217,0.22132083165216576,0.12234217848305853,0.3135170931915084,0.9446506817909878,0.6290838874912481,0.0094056290042074,0.11293654947885114
201733,301,-0.10288544559004602,0.7224213382544558,0.0031680573650041646,-0.042205217267079015,0.08126283079025408,0.1841482763803001,0.33317541762934677,0.9387631438543874,0.6359692807418671,0.009548319299739842,0.17459995708056025
201734,306,0.10099886141779638,0.27388177154360666,0.15718098544497872,0.10044161561364358,0.03282001311854451,-0.06817884829925186,0.1882211209988826,0.858873670268369,0.5235473956336258,0.007935641616771563,-0.07611448991602342
201735,314,0.011161182119630915,-0.021888933269397375,0.08210933952066246,0.042531644601794795,-0.06170663873350684,-0.07286782085313775,0.9316803840799976,0.4555751975139964,0.693627790796997,0.009393533599584338,-0.08226135445272209
201736,325,-0.1719537187581981,-0.10977916262355554,-0.17502982225690927,-0.12887750788888885,-0.08219325338427984,0.08976046537391826,0.9463796179445048,0.7001403037133536,0.8232599608289292,0.010819106714186653,0.0789413586597316
201737,325,-0.2147046058045108,-0.15193050172895503,-0.17229890752809596,-0.14560163084632324,-0.21702025207029035,-0.002315646265779542,0.8751444127178858,0.7597294513625559,0.8174369320402208,0.011342277227325108,-0.01365792349310465
201738,318,0.08142211816865765,-7.84247754579056e-05,0.10548827375542331,0.04840183384886482,-0.06253163580443725,-0.1439537539730949,0.79181515266677,0.7011398783924802,0.746477515529625,0.010359215011480152,-0.15431296898457506
201739,320,0.12978579471869492,0.06279823534243632,0.15012694646662508,0.07181150160269661,0.024791590309583913,-0.104994204409111,0.8892583102386277,0.9405793798208165,0.9149188450297221,0.012903415566070765,-0.11789761997518176
201740,339,-0.14325997399226806,0.03969925033713319,0.017988739204188114,0.01566929825824262,-0.03329048528046792,0.10996948871180014,0.8818739328498002,0.9276845036707364,0.9047792182602683,0.012656721932516803,0.09731276677928333
201741,342,-0.09410360226147221,-0.03239562140162217,0.028622357808878528,0.06862630947222419,0.2710674252585707,0.36517102752004293,0.9495006853422963,0.18658651368493911,0.5680435995136177,0.007057829568789995,0.35811319795125296
201742,351,-0.0533145331851156,-0.036973189896511965,-0.04037075137789585,-0.09545419919352327,-0.01839525811288057,0.03491927507223503,0.2690843691997523,0.9137495510784238,0.5914169601390881,0.008901013240500954,0.02601826183173408
201743,361,0.01099305331892422,-0.015498243462543549,0.12834372568947963,-0.017124813946504426,-0.04507809481734548,-0.056071148136269705,0.2994877654078606,0.753040166407017,0.5262639659074388,0.008051522370879818,-0.06412267050714952
201744,367,0.01305448853761575,0.001383815172004175,0.024093336096587845,0.2734986527141795,0.2756996551377959,0.2626451666001801,0.9769379291529875,0.8029607139779446,0.889949321565466,0.012298934687935456,0.25034623191224464
201745,382,0.08960885878483775,0.21217713611627034,0.08751439003748392,0.047469223522268754,-0.030823213623972636,-0.12043207240881039,0.9139716880929303,0.8900031990707292,0.9019874435818298,0.012520312955871245,-0.13295238536468162
201746,400,0.1766951487658737,0.06738063777909721,0.04746642202140391,0.21361272874755385,0.07457415972542861,-0.10212098904044509,0.806302379001492,0.9200604198708427,0.8631813994361675,0.012654770580307374,-0.11477575962075245
201747,411,0.13159614913532855,0.16940578172710644,0.18921590858732185,0.2801762082578189,0.14490142897923908,0.013305279843910528,0.7676311659087811,0.8542706346356984,0.8109509002722397,0.011441997852881578,0.0018632819910289495
201748,433,0.07944634095108341,0.11871514991769364,0.2823286045301441,0.2480137902568559,0.006952177694741406,-0.072494163256342,0.7924061123053715,0.6984120351115529,0.7454090737084622,0.010253754468601241,-0.08274791772494325
201749,456,-0.01572498413356335,0.0053136453098454545,0.007909636012703551,0.37076211113662466,0.42464941746790985,0.4403744016014732,0.8592631754176404,0.9588712025921462,0.9090671890048934,0.013043116312810148,0.42733128528866304
201750,483,0.4129399439670169,0.7262959315523938,0.3705946187366325,0.44035730935063533,0.32579414443082155,-0.08714579953619533,0.9109459175857089,0.8796585134936706,0.8953022155396897,0.012457274154886469,-0.0996030736910818
201751,502,0.14286888170685386,0.5507495585256862,0.07370975599645202,-0.2130450373739579,0.3609658435064496,0.21809696179959576,0.9340707975968708,0.47537956346307475,0.7047251805299728,0.00886043087276486,0.2092365309268309
201752,516,0.023019974741287128,-0.027261160679026144,0.10534836085437703,-0.11456422431067402,0.6716514176110666,0.6486314428697795,0.3704833336233787,0.9725435832926996,0.6715134584580391,0.010581235978910435,0.638050206890869
201801,564,0.18663137854865486,0.38074835349073766,0.8993531351479591,0.5562943292651669,0.496385380458982,0.30975400191032715,0.2373481919813949,0.9522536968949067,0.5948009444381508,0.009492632083711932,0.3002613698266152
201802,623,-0.14750393615688498,-0.30367695641093034,0.10283437040019056,-0.26512128685648606,-0.29389110329353124,-0.14638716713664626,0.9737333550692255,0.1729411001182613,0.5733372275937434,0.0073131954452697245,-0.153700362581916
201803,626,-0.26536115521916126,-0.1743730873235863,-0.23978399315616675,-0.26106544816743427,-0.2267950012169812,0.03856615400218005,0.9894931160201277,0.8435434863280677,0.9165183011740977,0.012758328177425227,0.025807825824754826
201804,630,-0.010912547245267043,0.031470106413163425,0.03332830522739516,0.16244350367020136,0.0897370284234124,0.10064957566867944,0.8309604734091921,0.6729853619413804,0.7519729176752863,0.010296099102355943,0.09035347656632349
201805,596,-0.29501344109866556,-0.4134759983312987,-0.31762901360666806,-0.3637862417180938,-0.34379853249635456,-0.048785091397688995,0.9238094998913529,0.8560205294402162,0.8899150146657846,0.01229373914670865,-0.061078830544397646
201806,609,0.021438978043549113,-0.016531601081739775,0.03747894659772379,-0.011156387544530683,-0.05280199973906245,-0.07424097778261157,0.9511058144753944,0.9756816700153216,0.963393742245358,0.013504341487850471,-0.08774531927046204
201807,620,0.14886391242545877,0.1673000795285789,0.16461770438377202,0.14507347310930396,0.2494439757583137,0.10058006333285494,0.9441100335297541,0.9274413998007043,0.9357757166652292,0.013012845666836775,0.08756721766601816
201808,519,-0.09127736690658407,-0.20098291120242381,-0.17667653721483478,-0.11004134074728364,-0.09839178630087561,-0.007114419394291541,0.20672719021366875,0.9394399616246569,0.5730835759191628,0.00891370197975789,-0.01602812137404943
201809,535,0.0033723931347619763,0.06050975929630893,0.037909713154563734,0.13023473552815004,-0.009839521084282554,-0.01321191421904453,0.904374771104535,0.8269155752769508,0.8656451731907429,0.01210418852635486,-0.02531610274539939
201810,541,-0.24727950101007068,-0.18247845292161446,-0.17157243301122907,-0.16710494086068636,-0.17283616045367411,0.07444334055639656,0.9810120521618009,0.8703976618094742,0.9257048569856375,0.012849253607446598,0.061594086948949966
201811,551,-0.23261300853668088,-0.26158229341488676,-0.24093881357455774,-0.24209493551188802,-0.1552297080353298,0.07738330050135109,0.19334122455683322,0.8296937668096089,0.5115174956832211,0.007741521264020119,0.06964177923733098
201812,556,0.15470459001414474,0.18483597803520158,0.007536198096112668,0.23821518392851557,0.035734114784689665,-0.11897047522945509,0.12396178371279971,0.8960977389021505,0.5100297613074751,0.00790396809992332,-0.12687444332937842
201813,568,-0.2457382424918591,-0.2677285467777349,-0.28071991749061637,-0.19677077738692633,-0.22758452541699814,0.018153717074860964,0.9803607134763852,0.9844769699895759,0.9824188417329806,0.013781379267355186,0.004372337807505778
201814,581,0.10114961839011274,0.028777843375339073,0.059501682640111034,0.03274851081749622,0.0735932527121394,-0.027556365677973343,0.40971774476927547,0.9442040090435992,0.6769608769064374,0.010168098649172279,-0.03772446432714562
201815,591,0.34192181370537156,0.24968476696306904,0.24533292530210857,0.2649364119499755,0.3105466944867291,-0.031375119218642444,0.7601150734765988,0.9127580346303543,0.8364365540534766,0.012038252892324809,-0.043413372110967255
201816,610,0.10914325466927718,0.29264904515850404,0.08669697839650904,0.19853479385553316,0.1979315932076552,0.088788338538378,0.907467873097636,0.9560364855756939,0.931752179336665,0.013040547835539642,0.07574779070283837
201817,631,0.23160348836813002,0.15571067163735164,0.10337405240325939,0.1371557264068908,0.15090380404755177,-0.08069968432057825,0.9507794817406666,0.9518013787530991,0.9512904302468829,0.013368684293079244,-0.0940683686136575
201818,635,0.0074344772159293335,-0.00872092008637156,0.040641372936298846,0.07451376254851044,-0.08243569256544771,-0.08987016978137705,0.9446214156122842,0.840516825903346,0.892569120757815,0.01209931477774827,-0.10196948455912531
201819,640,-0.11998967270021285,-0.1268193833219665,-0.12765944389615608,-0.1439800146062981,-0.09948073964025614,0.020508933059956713,0.9813757666885201,0.8534899251731185,0.9174328459308193,0.012716174001516069,0.0077927590584406445
201820,654,-0.026366554467596597,-0.056336575338076955,-0.06226854569727257,-0.049172567816570874,-0.07697360825542603,-0.050607053787829426,0.9941116342040371,0.9845679272674455,0.9893397807357414,0.013850079699722045,-0.06445713348755147
201821,657,-0.22454993805411144,-0.1688783684162543,-0.16047115713992832,-0.15653248933296204,-0.18581902829986408,0.03873090975424737,0.9075404898401054,0.9930615190151315,0.9503010044276184,0.013478032448516464,0.025252877305730902
201822,669,0.09476181555145198,0.06846950336133534,0.08943345799461141,0.09212182147273307,0.06619101152755523,-0.02857080402389675,0.8791725662291074,0.9017547923626816,0.8904636792958945,0.012427477993297926,-0.04099828201719467
201823,674,-0.2401419278647534,-0.16684008353472007,-0.21581585291587693,-0.1381835074902176,-0.17820752584322208,0.06193440202153133,0.8171455196304175,0.9239683663964924,0.870556943013455,0.012228405658314564,0.049705996363216765
201824,674,-0.10961599616950334,-0.09571135430575997,-0.04442517093125717,-0.07235557209527677,-0.0833933165203683,0.026222679649135036,0.4651432436642909,0.43210813582725094,0.4486256897457709,0.006355914612971806,0.01986676503616323
201825,668,-0.2156170828283275,-0.13553877304993153,-0.18865800323675874,-0.07078251373950016,-0.08460149709063407,0.13101558573769345,0.8843412868212066,0.7103834401169444,0.7973623634690755,0.01108288131604802,0.11993270442164543
201826,677,0.046235348894662215,0.05209742892846962,-0.011512264889229774,0.033068225527249535,-0.003158942414149506,-0.04939429130881172,0.5051319341877492,0.8018125794946757,0.6534722568412124,0.009654561230458833,-0.05904885253927055
201827,678,0.05932588893191787,0.03671745044072473,0.06688047422072674,0.0691485442519705,0.05930428440587248,-2.160452604538926e-05,0.9733803580828921,0.9112168468529611,0.9422986024679266,0.013037367166761954,-0.013058971692807344
201828,688,-0.12790244496685813,-0.11892819139005278,-0.07204428882604194,-0.09344151646484196,-0.06700480130430213,0.060897643662556,0.32544368263424317,0.7207179948701518,0.5230808387521975,0.007719734480075888,0.05317790918248011
201829,697,0.015385620331040243,0.09603192035681128,0.02305096472440194,0.11521668406469175,0.13075944740754447,0.11537382707650423,0.9561752726442956,0.4397941603283,0.6979847164862978,0.009279905301662183,0.10609392177484205
201830,711,0.0323298299489166,0.009857132423522697,0.01979291704211547,0.007205043785003234,0.09527147428580238,0.06294164433688577,0.8401217778259438,0.569146576195352,0.7046341770106479,0.009593903276518479,0.0533477410603673
201831,712,-0.22385502456197026,-0.19519134283225104,-0.11563809654946267,-0.12730533810834269,-0.14385454042224985,0.08000048413972041,0.16113785331324587,0.8121439964003798,0.4866409248568129,0.007319439959154615,0.0726810441805658
201832,698,-0.23880648358501513,-0.16472752342948283,-0.2163195920657989,-0.12430180758335942,-0.26575363231944266,-0.026947148734427523,0.984495294860169,0.7456019309770352,0.8650486129186021,0.011879590782140717,-0.03882673951656824
201833,691,0.003033951593673103,0.016337526852687013,-0.011618157105707074,0.024691725392537896,-0.02019389219917566,-0.023227843792848764,0.8336546507669091,0.9880902549491702,0.9108724528580396,0.013159972436491831,-0.03638781622934059
201834,703,-0.015684052817747127,-0.025149161828200994,-0.06771376354744169,-0.043760520373779956,0.021530437263781663,0.03721449008152879,0.9911968016273337,0.9869530242633211,0.9890749129453273,0.013828687714641583,0.023385802366887205
201835,714,0.04993374148819178,0.09203255309363764,0.1646743661032849,0.09800508347498546,0.08881473376999521,0.03888099228180343,0.11312790094125855,0.642642172004757,0.3778850364730078,0.005763883670655062,0.03311710861114837
201836,694,-0.23682623858964696,-0.12969663625834443,-0.1863257178462222,-0.3004435470388408,-0.14936180986532946,0.0874644287243175,0.19225362045223734,0.7195379692844159,0.45589579486832665,0.006916541647567058,0.08054788707675045
201837,708,0.11849586150613879,-0.004153465934638122,-0.0002094330659036074,0.03454574444042853,0.04706212514518934,-0.07143373636094945,0.8931330513703615,0.9685737758330853,0.9308534136017235,0.013095273531012343,-0.0845290098919618
201838,721,0.10948323048436005,0.07203856933205727,0.616356803272868,0.052350008247353766,0.04544132975915016,-0.06404190072520989,0.7485851212389129,0.9743371458828285,0.8614611335608706,0.012305270874378098,-0.07634717159958798
201839,738,-0.02119072803816865,-0.015611404678949113,0.04183443433164587,-0.03728365139137871,-0.017586892758497154,0.0036038352796714974,0.9708674569812484,0.9293851869832368,0.9501263219822427,0.013157539224091927,-0.00955370394442043
201840,745,-0.030157871187384545,-0.01592421619363339,0.0077109424624901834,-0.002042975984176217,-0.07554057271565782,-0.045382701528273284,0.7229844871376717,0.7293920103601945,0.7261882487489331,0.01018109324648362,-0.055563794774756904
201841,747,-0.15289920882525215,-0.13276064300571927,-0.07837062940436333,-0.0706048880991012,-0.07274014551893437,0.08015906330631778,0.973566483254768,0.9288647783954748,0.9512156308251214,0.013307231979086247,0.06685183132723153
201842,754,0.08991832685520249,0.03206329027794525,0.03408045221394957,0.09090983947046341,0.06632218010608157,-0.023596146749120916,0.6418920919300136,0.5203433259416953,0.5811177089358545,0.008090494281947807,-0.031686641031068725
201843,771,-0.013671005644007365,0.0021765399820051256,0.00022415783999743094,-0.005020379203425612,0.032242171297135705,0.045913176941143066,0.7083282104798436,0.7058029361073277,0.7070655732935857,0.009943340078599927,0.03596983686254314
201844,787,-0.01458464193424546,0.10023299530327553,-0.01347377666767455,0.0027178714224639503,-0.0233826689798802,-0.00879802704563474,0.7866790435784736,0.7477058619567685,0.767192452767621,0.010658394317187889,-0.019456421362822628
201845,790,-0.04793414412503402,-0.038467754507693686,0.003774536137350128,-0.016262902206230834,0.02642556493987952,0.07435970906491354,0.9816095928691682,0.8062057920069639,0.893907692438066,0.012185902240789331,0.06217380682412421
201846,769,-0.20362580750554782,-0.21074790555241799,-0.17866413392610547,-0.11788365277475102,-0.149394007485981,0.05423180001956682,0.5879905543426911,0.5741261216330007,0.5810583379878459,0.008143240640528755,0.046088559379038066
201847,700,-0.4710386365236778,-0.36076284540815484,-0.3363590291951164,-0.29108507162588776,-0.26460223984981746,0.20643639667386032,0.790469357996032,0.8752078605061863,0.8328386092511091,0.01175571013081265,0.19468068654304768
201848,688,-0.01205554332362946,0.1048394480650528,0.006148104809468761,0.026849989792672096,0.034644777436437395,0.04670032076006685,0.8765412497492238,0.29896280232933603,0.5877520260392799,0.007677205061867008,0.03902311569819984
201849,666,-0.2974686986553327,-0.16216989639086554,-0.1798148489896988,-0.1330827459428963,-0.06756720908971986,0.22990148956561285,0.45293525562125453,0.48776155132649396,0.47034840347387424,0.006733143195172849,0.22316834637044
201850,644,-0.12047010948156,-0.08353664465876715,-0.10568725542113094,-0.10212446691619262,-0.0533889549964367,0.0670811544851233,0.27666599409829107,0.8688280742247219,0.5727470341615064,0.008785487904962102,0.05829566658016121
201851,658,0.6101964669880846,0.29242099376826497,0.2825279764331441,0.36071423619583715,0.201054945538986,-0.4091415214490986,0.3005372841185497,0.7694489390701708,0.5349931115943602,0.007789346604069102,-0.4169308680531677
201852,683,-0.08238167953177591,-0.0525074927770041,-0.06800162404875545,-0.10536818442983176,-0.05216934555975088,0.03021233397202503,0.9247771962470384,0.9624179926047257,0.9435975944258821,0.013100163802042134,0.0171121701699829
201901,680,0.055886913023455095,0.04147174781361905,0.07174218146582834,0.10917042580621623,0.11604342663313409,0.060156513609678997,0.41078087736542707,0.8171727124793766,0.6139767949224019,0.009236132478595926,0.05092038113108307
201902,677,-0.08690217157132744,-0.08436394737217465,-0.10276143578981961,-0.14202479150568034,-0.0786936469686969,0.008208524602630538,0.9781179661322243,0.4735247714264998,0.7258213687793621,0.009656905968205343,-0.0014483813655748051
201903,671,-0.04514840959705251,-0.05886222589966412,-0.0360356888329308,-0.018002756133711557,0.018195335295017684,0.0633437448920702,0.9581001352851601,0.861590886213385,0.9098455107492726,0.012674631955721206,0.050669112936349
201904,661,-0.08509505617486482,-0.04403667599306657,-0.05409202747907561,-0.016903230132400193,-0.07978478969899262,0.005310266475872197,0.6749278691250875,0.8391142742358071,0.7570210716804473,0.01092190154840382,-0.005611635072531623
201905,645,-0.01003726652725629,0.001084894777926422,0.016972976126534974,0.00878211260775364,0.009698464791657181,0.01973573131891347,0.6486357129982558,0.3053861099385991,0.47701091146842745,0.006393624473273858,0.013342106845639613
201906,641,0.027123791096346776,0.11175047018927492,0.04749273974179968,0.04032998829942547,0.13375617670527667,0.1066323856089299,0.5778026392769754,0.7817287020400067,0.679765670658491,0.00959283304447727,0.09703955256445264
201907,668,0.05535339782238906,0.07683340110428208,0.056636382142340624,0.12044432885301273,0.09925879360433153,0.04390539578194247,0.9182105602989349,0.6492716224404724,0.7837410913697036,0.010590252679726287,0.033315143102216185
201908,678,-0.02755442975180925,0.007623517811098584,0.016369922018483824,0.01598078580348685,-0.014426823745555801,0.013127606006253447,0.05554276294004331,0.5774491784300633,0.3164959706850533,0.004862361322973416,0.008265244683280031
201909,672,-0.046034971497026324,-0.0013870952370753364,-0.06354119427294004,-0.03997918568055265,-0.02891244793081014,0.017122523566216182,0.9312373334208393,0.284214162032998,0.6077257477269187,0.007879499061321439,0.009243024504894743
201910,696,0.0693046113720432,0.037669364621366636,0.041314416240128084,0.17184422947820738,0.20509533220828619,0.135790720836243,0.6692277137509149,0.571287280712292,0.6202574972316035,0.00887686827097549,0.1269138525652675
201911,717,0.061199292398890284,0.04644019660006776,0.03671665446206631,0.06994550867602962,0.06854918756610619,0.007349895167215903,0.592141165190282,0.6556362279035097,0.6238886965468959,0.008516515034657831,-0.001166619867441928
201912,734,-0.02579973741878139,-0.006478350206187582,-0.028416062922458706,-0.012073070843770767,0.021776507902517235,0.04757624532129863,0.6210629694870715,0.8450023880489431,0.7330326787680073,0.010414427540867546,0.03716181778043108
201913,734,0.02977320405355162,0.050349622343118586,0.05806675402366005,0.13745265368239892,0.0887183681888695,0.058945164135317876,0.5351443523305793,0.9585823748570359,0.7468633635938076,0.01105269350495828,0.0478924706303596
201914,763,0.05441086704674043,0.15752537324949423,0.2760704568994127,0.28261077924299344,0.14844065892565844,0.09402979187891801,0.7494990695228007,0.938514140728678,0.8440066051257393,0.012112218685102481,0.08191757319381553
201915,772,0.0021790101473851634,-0.017538060038818262,-0.13164032936548967,-0.0919275630123437,-0.05786455463661462,-0.06004356478399978,0.9699306241800639,0.27643963629264123,0.6231851302363526,0.00803855262663081,-0.0680821174106306
201916,767,-0.004176748576674136,0.008868606715917358,0.016646080463022038,-0.018338857863792614,0.06016353924955796,0.06434028782623209,0.08891163458917493,0.8318462177431669,0.46037892616617093,0.006984645388477979,0.057355642437754116
201917,770,-0.09950319944900475,-0.13175977997871835,-0.10131257604534888,-0.16030918965289132,-0.045028014266172534,0.05447518518283222,0.08985832545697542,0.8788056633106167,0.48433199438379604,0.007629365228128709,0.04684581995470351
201918,758,0.10395568175830944,0.07581743048287953,0.06882968781768993,0.03209405199604519,0.08742287152864704,-0.016532810229662395,0.17643232173193252,0.9720927301894329,0.5742625259606827,0.008874896071559672,-0.025407706301222067
201919,755,0.007946936561335289,0.04030960195047429,0.0806577450221746,0.08981260627163812,0.31733064867268124,0.30938371211134597,0.21177997654529285,0.8916975434585401,0.5517387600019165,0.008297101606054604,0.30108661050529134
201920,755,0.12190869041824806,0.12970356003227962,0.07944717278314922,0.17224885945744348,0.07171885207614309,-0.05018983834210497,0.1591720730584655,0.7680299039081651,0.46360098848331527,0.0068536137383476605,-0.05704345208045263
201921,765,0.09609753583445549,0.07152467334087771,0.2497287432804428,0.11905915414587545,0.10207244756779817,0.005974911733342678,0.12422985213463332,0.7080171477865702,0.4161234999606018,0.006045934776914153,-7.102304357147534e-05
201922,764,-0.04332403927133266,-0.004589530063419736,-0.01319505904856216,-0.01998777710614045,-0.062257064920205454,-0.018933025648872795,0.06443318899514924,0.6701165157775224,0.36727485238633584,0.005779053949353319,-0.024712079598226112
201923,766,0.006670552034966861,0.06090025482579844,0.04320214087026358,-0.02443674932159111,-0.01980194532980114,-0.026472497364767998,0.9268560674559392,0.7448228322700835,0.8358394498630113,0.01158367084828748,-0.03805616821305548
201924,779,0.027477478937054052,0.07746011176592396,0.14815191162853164,0.07344641736516708,0.056166162405142446,0.028688683468088394,0.7434128990975823,0.4609827528359809,0.6021978259667816,0.008394766854286083,0.02029391661380231
201925,773,0.039322530512542295,-0.005580572166242755,-0.009005398033164684,0.046118143888932706,0.14903885390301505,0.10971632339047276,0.9535321588296899,0.719053812604838,0.836292985717264,0.011474327375042122,0.09824199601543063
201926,762,-0.0501937426203704,-0.03929900129201998,-0.10568750363467458,-0.09401776512495491,-0.05734589416213701,-0.007152151541766606,0.04518771567456568,0.5244357227028655,0.2848117191887156,0.004585133031383211,-0.011737284573149816
201927,754,0.0641147982207603,0.05596838136289353,-0.0024337160185429474,0.13982027082768061,0.055204529981639286,-0.008910268239121014,0.8668610522890925,0.8685985985272506,0.8677298254081716,0.012162054578961447,-0.02107232281808246
201928,742,-0.19102860167371732,-0.22330657039111673,-0.24054354459656835,-0.21808672602666845,-0.13123997888556113,0.05978862278815619,0.8613451375836152,0.6794968102184785,0.7704209739010468,0.01060404530724952,0.04918457748090667
201929,741,0.014856403780950374,0.03395255423791859,-0.03418036738801361,-0.027423652155836496,-0.04942400275091597,-0.06428040653186634,0.11985480202825569,0.6512808241485193,0.3855678130883875,0.0057953553981501945,-0.07007576193001654
201930,745,-0.041510616885490924,-0.028946974189396842,-0.029832379336475714,-0.07447693454232333,-0.0852608728279015,-0.043750255942410575,0.9850971438990347,0.8285903573569374,0.9068437506279861,0.012416528526660316,-0.05616678446907089
201931,740,0.03265037023785754,0.03973911301479117,0.2052617534450491,0.04809467428064273,0.045769147340330434,0.013118777102472896,0.7259384831611768,0.8597945542027516,0.7928665186819642,0.011396930159139413,0.0017218469433334833
201932,742,-0.11101615582788232,-0.08860010837874692,-0.04021781475739444,-0.08434824055078681,-0.042393447645250895,0.06862270818263143,0.9870460927455675,0.7043028551509609,0.8456744739482642,0.01132045124814467,0.05730225693448676
201933,742,-0.030714486982660626,-0.039656877819252215,-0.06325744830309367,-0.037681028963071184,-0.04014839714127143,-0.009433910158610802,0.12085681835277438,0.6270093079797234,0.3739330631662489,0.005778645534525861,-0.015212555693136662
201934,755,-0.034419257746615986,-0.017730062941362354,-0.025439913728151096,-0.0585867276619163,-0.05138276347884026,-0.01696350573222427,0.04899592958472154,0.6470684495233308,0.34803218955402615,0.005304656594100259,-0.02226816232632453
201935,744,-0.09178594465295278,-0.0825505487554399,-0.05502959282409675,-0.005946113072630507,-0.0641208056149676,0.02766513903798519,0.9930145914741437,0.6425772370952678,0.8177959142847058,0.011103198687283681,0.016561940350701507
201936,740,0.004510196461810345,-0.00121447236826633,0.020502264994670283,0.009202478358715651,-0.0015875430275105597,-0.0060977394893209046,0.9888512417991824,0.7573359403714613,0.8730935910853219,0.011991794973766786,-0.01808953446308769
201937,736,0.011353572372280088,-0.056757424720436364,-0.021875211117210105,0.03295752536452183,-0.0034519419408380217,-0.01480551431311811,0.05843650842980926,0.9015810637178865,0.4800087860738479,0.007445293007592159,-0.02225080732071027
201938,725,-0.021614028045712594,-0.005256988949736464,-0.03868667229699523,-0.045892276511979704,-0.0190794967992316,0.002534531246480995,0.9418812938421149,0.8655559578314709,0.9037186258367929,0.012591989523318785,-0.01005745827683779
201939,694,-0.18868749098897214,-0.14774451924036422,-0.1453930059914881,-0.07503865747447228,-0.10662899277264425,0.0820584982163279,0.434667611170324,0.46862864940575033,0.4516481302880372,0.006509455982757725,0.07554904223357017
201940,690,0.01326862672082037,-0.0024308773363577165,0.0069600583030151155,0.051254283828533406,0.01980524407816042,0.006536617357340048,0.10268297068835114,0.5159711640220062,0.3093270673551787,0.004763989013837978,0.0017726283435020697
201941,675,-0.0020190196524378706,0.017953550171305305,-0.011891403410973328,0.02424554475356742,0.06428557125063177,0.06630459090306963,0.8652447857178046,0.8147046281402083,0.8399747069290064,0.011626711361343627,0.054677879541726
201942,669,-0.010482304575761162,-0.0019532765880133744,-0.012210209052246825,-0.06078460292595023,-0.0386167668013189,-0.028134462225557735,0.6112122926247662,0.7197517173395437,0.6654820049821549,0.009427287205219159,-0.03756174943077689
201943,660,0.047530726466015714,0.10483230349532949,0.06057471360394508,0.1181101175866468,0.054289171432465484,0.00675844496644977,0.5424164374008317,0.6313774290558276,0.5868969332283296,0.008040654953838098,-0.0012822099873883285
201944,650,-0.004817349982107056,0.04755453236286429,0.02142154585822869,0.03446874138291788,0.02012252712794932,0.024939877110056373,0.9369748970320091,0.6499058884966773,0.7934403927643432,0.010559397247497729,0.014380479862558644
201945,653,-0.033740889002945654,-0.015084287609272416,0.013324697743031749,-0.0616377168210688,0.0030660833428397226,0.03680697234578538,0.9200603194260893,0.49794467062992387,0.7090024950280066,0.009541797594321874,0.027265174751463506
201946,649,-0.061273287581208744,-0.050888167567760545,-0.048999088318304976,-0.03462557637197175,-0.06579764048038231,-0.004524352899173564,0.2778413710328592,0.964415787133056,0.6211285790829576,0.009442274640031592,-0.013966627539205157
201947,621,-0.14120897518467831,-0.16795363339857036,-0.19027081286166214,-0.0806522551264451,-0.09295067263823557,0.04825830254644274,0.713901128519086,0.9297860958988503,0.8218436122089682,0.011903696527291181,0.03635460601915156
201948,630,0.05601912713029512,0.022775400105298965,0.02774761840109367,0.007502793616849476,0.019180905649782806,-0.036838221480512315,0.42827683787504334,0.9923557625777517,0.7103163002263975,0.01077083681219119,-0.0476090582927035
201949,630,0.004300492628695227,0.004788409762323936,0.007742215346592042,-0.018033310178352736,0.05073885114057657,0.04643835851188134,0.599010421147129,0.6690663672371895,0.6340383941921592,0.00908146895613888,0.03735688955574246
201950,632,-0.08674854355259067,-0.06885928383413592,-0.0717502673145232,-0.0640755842882971,-0.05592502715428872,0.030823516398301942,0.5094246809978827,0.6183036561993466,0.5638641685986147,0.00836016914976884,0.022463347248533102
201951,641,-0.013322182450016942,0.04499326114108508,-0.04894011900342722,0.008030786102862217,0.01202756421735389,0.02534974666737083,0.7308323422028463,0.8014926063377121,0.7661624742702793,0.010796934903918774,0.014552811763452057
201952,637,-0.025587145279332042,0.004178253805812855,0.02771285923258528,-0.021789569393130783,-0.023065623222748403,0.002521522056583639,0.9462670733807633,0.7067167807460835,0.8264919270634234,0.011174635528084714,-0.008653113471501075
202001,638,0.06348732839429827,0.1568553640722352,0.06774063145690046,0.12894632842278664,0.13621015536833636,0.07272282697403809,0.9854377202675019,0.8264378795524133,0.9059377999099576,0.012355930904078946,0.060366896069959146
202002,654,0.006422061904717491,0.019665664838663686,0.053468861530705195,0.08256605059790378,0.10650269489368036,0.10008063298896287,0.9531687839940995,0.844298892802536,0.8987338383983178,0.012473403846384887,0.08760722914257799
202003,661,-0.007298091651891569,0.016453005728714585,0.029341302328201736,0.02854781655858271,0.0009527307768649332,0.008250822428756502,0.01744038363839245,0.5778353236905323,0.2976378536644623,0.0046365606477713215,0.0036142617809851807
202004,666,0.031141413840365423,0.0007017873201863633,0.03365695893253555,0.06786455308460089,0.05197514001477638,0.020833726174410955,0.7473557074946883,0.5966567335127568,0.6720062205037225,0.009120249120925981,0.011713477053484973
202005,667,-0.05081719836852597,0.01017751644753562,0.06825899211358306,0.10867441961698573,-0.0025086803541111685,0.0483085180144148,0.7879072264092964,0.5377256458125579,0.6628164361109272,0.00903071685291688,0.03927780116149791
202006,692,0.145409708410183,0.15356895282507615,0.11429941289077779,0.226202041375553,0.17526896355903265,0.029859255148849656,0.8543195051278043,0.5829554648384967,0.7186374849831505,0.00986590956291645,0.019993345585933207
202007,703,-0.00014928731024115287,0.005777803614856353,0.02930503834137218,-0.0066574037650525275,0.047403745850345375,0.047553033160586525,0.4587267033018719,0.8695627501230095,0.6641447267124407,0.009808299374653537,0.03774473378593299
202008,704,-0.016697322883188686,-0.13830220701918972,-0.12504395603537943,-0.0873355311532226,-0.13434253774995586,-0.11764521486676717,0.4184230059284497,0.23377952712800154,0.32610126652822563,0.004795536544992568,-0.12244075141175974
202009,685,-0.04803826914907815,-0.037504904419366054,-0.06538659684144987,-0.05670857339786154,-0.09366570741553443,-0.04562743826645628,0.1885013455889262,0.9243967394944457,0.5564490425416859,0.008502821852412055,-0.05413026011886833
202010,665,-0.11068052067678678,-0.1405639667583364,-0.10048862990050517,-0.09719810236957202,-0.0747602842048898,0.03592023647189699,0.945919256648442,0.7048437281016545,0.8253814923750482,0.011334796587582796,0.024585439884314192
202011,607,-0.3744275144343369,-0.3396868890318285,-0.42041126878801066,-0.3299788890755779,-0.1774618342544756,0.19696568017986132,0.5773709351617816,0.911201049426279,0.7442859922940304,0.010755742076464367,0.18620993810339695
202012,609,0.2962047927109137,0.2260412888659515,0.27754353887846595,0.1334591517702632,0.11973571457269036,-0.17646907813822335,0.7242001403530125,0.8665688837447114,0.795384512048862,0.011243617358156639,-0.18771269549637998
202013,625,-0.04050947569129362,-0.01025052763259195,-0.0082055213109097,-0.02995734398137074,-0.04073376116059391,-0.00022428546930029075,0.975614415346296,0.8222279621902375,0.8989211887682668,0.012149082683650479,-0.01237336815295077
202014,633,0.12732406936585403,0.14643469629404282,0.205160780495512,0.111404938058323,0.09593512715862787,-0.031388942207226156,0.9667280064653156,0.7147203056814717,0.8407241560733937,0.011534551667973266,-0.04292349387519942
202015,650,-0.05685465254135237,-0.006049161851437201,-0.01169416350765107,-0.04411351292174605,-0.04459453198234066,0.012260120559011711,0.9363721751867966,0.6039288643281184,0.7701505197574575,0.010150945768726103,0.002109174790285608
202016,653,0.0037321637515896136,0.003354096718127336,0.01272544208043814,0.015403153502845403,0.044964421337162434,0.04123225758557282,0.8331073758969201,0.6244645164917526,0.7287859461943363,0.010081567460948852,0.03115069012462397
202017,665,0.13497784461880222,0.1306709305705992,0.1414260823326675,0.12593755597705594,0.15935878452066593,0.024380939901863713,0.878272113715359,0.712973837317334,0.7956229755163464,0.010992355298564528,0.013388584603299185
202018,678,0.05344477479296367,0.0044387570090690335,0.021279308913804917,0.14426603791443388,0.05177168089755404,-0.0016730938954096289,0.34038317470953244,0.8940576045492599,0.6172203896293962,0.009199018363388451,-0.01087211225879808
202019,676,-0.00894791793954432,-0.030785178851874,-0.07129489072534367,-0.07210342557889551,-0.024400295965606833,-0.015452378026062513,0.9641384843788579,0.8849061232128436,0.9245223037958508,0.012767771957764747,-0.02822014998382726
202020,689,0.06914438015317911,0.09099081544128315,0.0386776105197091,0.10242409940574995,0.009841238726979538,-0.05930314142619958,0.9794357353496551,0.8858860390507792,0.9326608872002171,0.012971739666420335,-0.07227488109261991
202021,707,0.003909798648851595,-0.04299279003757717,-0.01258682300753981,-0.08535115156421738,0.09368660829685338,0.08977680964800179,0.4844840545947068,0.9331840005651278,0.7088340275799173,0.01076071800716543,0.07901609164083637
202022,715,0.07674892676748835,0.11066101359409278,0.11067025726403514,0.07247317098044814,0.034033340747724475,-0.04271558601976387,0.5296685440786413,0.9918756285499596,0.7607720863143004,0.011499681211989883,-0.05421526723175375
202023,730,-0.05927551336208954,0.01070989662707377,0.025384730820469846,0.04380542908860331,0.052558953755000797,0.11183446711709033,0.935283093445382,0.9901696907095875,0.9627263920774847,0.013522250861671447,0.09831221625541889
202024,747,-0.04808763918390464,-0.03507038825471302,-0.02846241471085454,-0.04762650212480589,-0.012005747913819505,0.03608189127008514,0.8711231194906784,0.9071986480407134,0.8891608837656959,0.01261292754945536,0.02346896372062978
202025,751,0.010631363713482058,0.019250522293663946,0.014544170637314608,0.029818020843134306,0.06706559472397207,0.05643423101049001,0.4430267746422111,0.48688742593312345,0.46495710028766724,0.006880229662034095,0.04955400134845592
202026,724,-0.03160787181480925,-0.0754715867152897,-0.05143943410895541,-0.06870602107348889,-0.042597395319782044,-0.010989523504972794,0.5606031371202673,0.5579369900073758,0.5592700635638216,0.007712380752209573,-0.018701904257182368
202027,722,0.07240301440168778,0.02103324613511963,0.052437256041751715,0.09378367560319234,0.15098560385824084,0.07858258945655305,0.4736723497692471,0.6802247973185135,0.5769485735438803,0.008305568592675134,0.07027702086387792
202028,723,-0.01473783879978837,0.0004388570009083216,0.04091072564616893,0.021530491637124376,0.09062540954366444,0.10536324834345281,0.4643010703513083,0.9806125034951195,0.7224567869232139,0.010615166636738,0.09474808170671481
202029,733,0.012505693292456536,0.013968776798599761,0.020656665473567017,0.01659613468501193,-0.006875976338366146,-0.019381669630822683,0.5639855948395558,0.7165405107607099,0.6402630528001328,0.009406172552476165,-0.02878784218329885
202030,748,0.024525297801195473,0.15129190882808535,0.16811418541762718,0.10009443084768174,-0.022044583102403342,-0.046569880903598815,0.9225209099591711,0.5532410277553443,0.7378809688572577,0.010009017537619937,-0.05657889844121875
202031,768,0.04346902324245417,0.13045147714646121,0.07909446379426019,0.057590421693524366,0.06152313451692887,0.018054111274474698,0.9970383121533675,0.6841598042001635,0.8405990581767655,0.011449516304222411,0.006604594970252287
202032,788,0.13567683388501606,0.025586753726964496,0.06245862749988888,0.017644425156381052,-0.002623125091522873,-0.13829995897653893,0.755569495339657,0.6607195826958009,0.708144539017729,0.009832304169190965,-0.1481322631457299
202033,822,0.014518363737758605,0.0711933799052459,0.06491796043708911,0.11899017256938524,0.12873767712044665,0.11421931338268804,0.8761837735970148,0.9356248670585114,0.9059043203277631,0.012911525547052247,0.10130778783563579
202034,824,-0.08970250744247533,-0.04780279576540927,-0.06488913514310499,-0.05349123834146032,-0.02621668231036081,0.06348582513211452,0.8318934807075934,0.5751770956007312,0.7035352881541623,0.009624728772252495,0.053861096359862026
202035,832,0.060627617924344415,0.08587171694449916,0.15549241248983525,0.1474249650000693,0.07763639548659916,0.017008777562254745,0.6952465193739312,0.8446638917657935,0.7699552055698624,0.011331967255737135,0.005676810306517611
202036,816,-0.2213495912540121,-0.2430812890252438,-0.23544251344467126,-0.15919078653269153,-0.27226341915161345,-0.05091382789760135,0.9300256064544387,0.9477337046723017,0.9388796555633702,0.013112282305026656,-0.06402611020262801
202037,829,0.0797048352817425,0.03043692723734863,0.0593443749559072,0.06272437424104282,-0.004039282870893444,-0.08374411815263595,0.8344803504815279,0.9817002925497199,0.908090321515624,0.013049056444680806,-0.09679317459731676
202038,825,-0.12574257834823346,-0.08024216094377795,-0.06033342193495777,-0.052135378193108914,-0.03206022032220234,0.09368235802603112,0.9636081178294109,0.9673361262737707,0.9654721220515908,0.013474804822411042,0.08020755320362008
202039,830,0.1412688677240246,0.05715644539801985,0.04114793215482555,0.03229712707495813,0.04779914386429045,-0.09346972385973416,0.9780178848776128,0.5304279929165936,0.7542229388971031,0.010121680020053191,-0.10359140387978735
202040,854,-0.17860351110438863,-0.12106860032853797,-0.08046567806494628,-0.029509233578218885,-0.05645959322494362,0.12214391787944501,0.7473247990778775,0.9607702104147462,0.8540475047463119,0.012111686743695557,0.11003223113574945
202041,872,0.12170607144344933,0.15073465545050646,0.04863234357756174,0.11495469737619254,0.0788036882910051,-0.042902383152444226,0.9434771625506551,0.6475470296728194,0.7955120961117372,0.010841239212686486,-0.05374362236513071
202042,874,-0.14256649289141154,-0.06410152011421306,-0.07311965193996267,-0.042072550992380234,0.016344446652159547,0.1589109395435711,0.19840421516715329,0.7849106613647363,0.49165743826594477,0.007375209089899777,0.15153573045367133
202043,881,-0.015170155815145475,0.027817344337207794,0.09336449901287977,0.08350240324055974,0.14718781377554344,0.1623579695906889,0.2653802696112459,0.6042734515197596,0.4348268605655028,0.006545045657396482,0.15581292393329244
202044,882,-0.1267296352913856,-0.1450547965150435,-0.12018656071027392,-0.07994146815895431,0.005377468405200465,0.13210710369658604,0.22927701773045586,0.50007210441781,0.36467456107413293,0.005112093430559375,0.12699501026602666
202045,890,0.23690982943496586,0.10275452960057668,0.10280025558552394,0.13589168540851504,0.08904454942041619,-0.14786528001454968,0.19915713305731342,0.5128667811146244,0.3560119570859689,0.0053951723387339855,-0.15326045235328367
202046,807,0.011441347525762563,0.05048832874188035,0.010194854320936295,0.1356661664358903,0.1356498128459267,0.12420846532016414,0.1821186661745794,0.7093870537315384,0.4457528599530589,0.006037793650167687,0.11817067166999645
202047,820,0.07084827207736748,0.14906499988046973,0.08583984940705282,0.24439021278720485,0.15161076421622138,0.0807624921388539,0.08756518941740205,0.8083399982445132,0.44795259383095765,0.006995166926106419,0.07376732521274748
202048,371,0.09706682344705815,-0.015070117232513175,-0.035422585576304656,-0.019602672783499777,-0.06876362529122755,-0.1658304487382857,0.7662450176977671,0.9885353845357527,0.8773902011167599,0.01278427959074242,-0.1786147283290281
202049,367,0.06288850245488303,-0.039999879822733134,-0.06944958094358168,-0.03806235430367744,-0.03605491723230728,-0.09894341968719031,0.7553883804909322,0.8929139642741284,0.8241511723825303,0.011675276212974216,-0.11061869590016453
202050,932,0.06229094515749141,0.05591848602898981,0.04699553273445231,0.04653810114079985,0.07661857945744965,0.014327634299958245,0.9939526437116861,0.9283822124591448,0.9611674280854154,0.013396975405906588,0.0009306588940516565
202051,952,-0.04363560557093649,-0.01969137062882523,0.015019429303369861,0.08072571203521778,0.2207555139019097,0.2643911194728462,0.9771432006282215,0.9210230283697943,0.949083114499008,0.013231043430727684,0.25116007604211854
202052,955,-0.3982857776110154,-0.06306450783135889,-0.0605507539732286,0.2442414704379993,0.20497065054035812,0.6032564281513735,0.17024403747550593,0.12193087179203443,0.14608745463377018,0.0019992300760232015,0.6012571980753503
202101,971,0.5180720892478337,0.29307929947255174,0.18652754219370618,0.25855345989255063,0.386852352228538,-0.13121973701929568,0.03899390832416898,0.34802698682018157,0.19351044757217528,0.003209179227703502,-0.13442891624699918
202102,985,0.10063024320679362,-0.03617615294870642,0.04767305762012121,0.1698566892011032,-0.003850283221047018,-0.10448052642784064,0.04077283178005252,0.9183623698852084,0.47956760083263045,0.0072888874274199345,-0.11176941385526058
202103,993,-0.05932723569968425,-0.06453969269916994,-0.07570983685029511,-0.08700430007338943,-0.19978118795869773,-0.14045395225901347,0.20790324624072418,0.6395848336473775,0.42374403994405085,0.006048797964345538,-0.146502750223359
202104,982,0.023049858839219492,0.08361863577065823,0.15496157902873514,0.19362332955064732,0.16060461866667664,0.13755475982745713,0.9589218774893178,0.8639741011722635,0.9114479893307906,0.012732754591388545,0.12482200523606858
202105,1016,0.267514110373503,0.09360210098127826,0.11049809745296756,0.18649697463958723,0.34253037443681633,0.07501626406331335,0.7277387879662593,0.43510674622187295,0.5814227670940662,0.008385447670011547,0.0666308163933018
202106,1065,0.24586166583060115,0.5325248323886138,0.29888962140412656,0.2967439541538394,0.25624567220369454,0.01038400637309339,0.9200523488725639,0.6674065448323696,0.7937294468524667,0.010190246610315432,0.0001937597627779588
202107,1122,0.030721834775279514,0.04591013567015427,0.07381436881460242,0.08857314924323886,0.20451188094780495,0.17379004617252544,0.7787268624917278,0.8468255833172494,0.8127762229044886,0.0116292845713492,0.16216076160117623
202108,1150,-0.1612889009540586,-0.16138994124235012,-0.028504515845253542,-0.09533769022413567,-0.14632197267417382,0.014966928279884772,0.7247768023298348,0.8741143176747248,0.7994455600022798,0.011341805653643896,0.0036251226262408766
202109,1164,0.040912898305703264,0.06274560574083089,0.0348534554855463,0.15009743310966175,0.033018747131533646,-0.007894151174169618,0.7982987873721721,0.7082722181547498,0.753285502763461,0.010792834408320809,-0.018686985582490427
202110,1157,0.11503716157986145,0.09985856293013814,0.18185011967952314,0.11985771675989798,0.15715099494670998,0.04211383336684853,0.8356650765263877,0.6462382308176252,0.7409516536720064,0.01019383927650594,0.03191999409034259
202111,1206,0.036309969479942965,0.04271532397492433,0.0007037177821440218,0.00561796719481438,0.005447260588081258,-0.030862708891861705,0.9723152232017658,0.8473799836431867,0.9098476034224763,0.012611561884354387,-0.043474270776216094
202112,1219,-0.11253815087506693,-0.09302102886446655,-0.10522744970508653,-0.027526508112440166,0.09870413771399428,0.2112422885890612,0.9801736875496851,0.8713016620271332,0.9257376747884092,0.01287843512979146,0.19836385345926974
202113,1237,0.21011298568005576,0.17103865999606727,0.1508610782515141,0.24112777602681834,0.26916158093019765,0.05904859525014189,0.41222356445126573,0.8265446040015545,0.6193840842264101,0.00978207881426564,0.04926651643587625
202114,1288,0.05006247961715016,0.036543713855292786,0.1942289986512532,0.00583885727894126,0.1591365886957132,0.10907410907856305,0.7688599167837273,0.8284596262364079,0.7986597715100676,0.011100993250855229,0.09797311582770782
202115,1302,0.11189153603118156,0.12648139129266786,0.10358929134334358,0.18585332400651228,0.29352653847285204,0.18163500244167047,0.48525863488368076,0.7748541267867817,0.6300563808352312,0.008941411636591266,0.1726935908050792
202116,1305,-0.22345959621496347,-0.2509367844288159,-0.2104838072969916,-0.18234379650388038,-0.15336624823318723,0.07009334798177624,0.8825337544332812,0.7911862947253586,0.8368600245793198,0.011526430609560826,0.05856691737221542
202117,1329,0.17874975759608447,0.040509922403588756,0.10519174404297296,0.13288861105526684,0.140330697969122,-0.03841905962696246,0.7079249015094423,0.7133513816549002,0.7106381415821712,0.010195630069272904,-0.048614689696235364
202118,1360,0.05937414752364188,0.2786629348204833,0.06667535390794208,0.25240185206963317,0.23193567612037555,0.17256152859673368,0.1326748198907963,0.9101099338968902,0.5213923768938432,0.007963936353885818,0.16459759224284787
202119,1376,-0.12621627062645208,-0.13739118347741658,-0.12359621295853135,-0.11240122062484244,-0.0250758938771734,0.10114037674927867,0.33169120624709036,0.6347869593753285,0.4832390828112094,0.006907275500115588,0.09423310124916308
202120,1353,-0.2593978151531683,-0.21367536125245445,-0.18478327451074994,-0.2434750367487203,-0.22653029087346585,0.03286752427970244,0.2333119659262225,0.6949649725495638,0.46413846923789315,0.007161988826636308,0.025705535453066128
202121,1356,-0.0787917762956786,-0.06717259635862596,-0.05909030502646306,-0.057558992125876784,-0.10555051285975303,-0.02675873656407443,0.6771124280731293,0.7347329036188174,0.7059226658459734,0.009819724964783023,-0.03657846152885745
202122,1363,0.15947264097789626,0.0855036399384394,0.10328323332983351,0.031689313780479865,0.037235890182130416,-0.12223675079576585,0.773676615972384,0.6991354922653469,0.7364060541188655,0.010235143633957078,-0.13247189442972293
202123,1362,-0.33044820033791256,-0.1352599103233016,-0.14234154907482205,-0.08212561876173112,-0.14585184369387794,0.18459635664403462,0.3195004765042491,0.8839533813067811,0.6017269289055152,0.008988858201423049,0.17560749844261156
202124,1356,-0.03736882602402464,-0.017856033810789547,-0.01780109010254116,-0.03105256613386654,0.03673733688821773,0.07410616291224237,0.9232107637878645,0.6147195472898581,0.7689651555388612,0.010476925079122396,0.06362923783311997
202125,1315,-0.3069745781916248,-0.18353094400506778,-0.17363845908410258,-0.15182117821928692,-0.10076997894309993,0.2062045992485249,0.05425903350514433,0.686037800459592,0.3701484169823681,0.005387355351302404,0.2008172438972225
202126,1309,0.18081803739488367,0.04057475417905061,0.025074747468466434,0.03908772021315026,-0.03237719194797262,-0.21319522934285629,0.17102558340008583,0.4428082946323228,0.3069169390162043,0.004569672305336627,-0.2177649016481929
202127,1307,0.00810406008320687,-0.003105130612865831,0.0012093721530254727,-0.01621202238240351,0.00029714988769956275,-0.007806910195507307,0.9025879051869696,0.83490422829769,0.8687460667423298,0.01177970142822488,-0.019586611623732188
202128,1316,-0.10609707511555526,-0.0764792147309843,-0.038276137631495594,-0.08475635870475698,-0.0343977059679771,0.07169936914757816,0.28119535814985014,0.9107265412986553,0.5959609497242527,0.009003191696923351,0.06269617745065481
202129,1306,-0.004163125839318132,-0.02739385032671609,0.02492914785752661,-0.012504424907285849,-0.0991645301492945,-0.09500140430997636,0.7205792572461344,0.6194049814033578,0.669992119324746,0.009603621001142601,-0.10460502531111897
202130,1306,0.20455309662109802,0.20001230912682108,0.1330076278816697,0.1451797097320804,0.2096713496466611,0.005118253025563069,0.9574702777391773,0.9305509828727093,0.9440106303059432,0.013098256135744949,-0.00798000311018188
202131,1332,0.02071002547195751,0.07488498678627703,0.10329400841203275,0.12024040089716834,0.06292483925494084,0.042214813782983335,0.07971992649364484,0.6818237003449434,0.3807718134192941,0.005781580159084807,0.036433233623898525
202132,1358,0.2422839598845617,0.21452229906108794,0.09740338361973516,0.1747867164054024,0.08482351952956343,-0.15746044035499826,0.7145187062820993,0.8364527742175107,0.775485740249805,0.01116015561184899,-0.16862059596684725
202133,1391,0.051983832265796656,0.16076919756431313,0.08752172350642934,0.05916384639789567,0.20231650834975068,0.150332676083954,0.8926759943019497,0.8716928248459289,0.8821844095739393,0.012139611060727269,0.13819306502322673
202134,1403,0.13789263758304576,0.018235739194902553,-0.0009388767608427967,-0.009148903981272407,-0.006651756092143104,-0.14454439367518887,0.3110419953035032,0.7223905933974996,0.5167162943505014,0.007366927814797289,-0.15191132148998615
202135,1422,0.11947097360932009,0.12285135212901098,0.2043045634442209,0.061082870256068386,0.17595571967832893,0.05648474606900884,0.45297683906821823,0.9406476855798749,0.6968122623240466,0.010513609752362141,0.045971136316646705
202136,1433,-0.05696469493410948,-0.10497672114443742,-0.07896808343345171,-0.06301000767888022,-0.016477128504390752,0.04048756642971873,0.7749421394090108,0.8619098355839045,0.8184259874964577,0.011410249842464144,0.029077316587254584
202137,1446,0.007371452475847197,0.023827551479455866,0.025199858746056954,0.03557338957311719,-0.03589773414588693,-0.043269186621734124,0.7181744352625475,0.823466059330291,0.7708202472964193,0.011347277562746935,-0.05461646418448106
202138,1447,-0.0798064289041922,-0.06302777814813423,-0.1015733732458736,-0.065439066870641,-0.06277809865292308,0.017028330251269125,0.5478886429593949,0.7771916166031425,0.6625401297812687,0.00996126117532085,0.007067069075948274
202139,853,-0.08412464384457943,-0.10331473223105728,-0.05687752963150638,-0.05694862201903566,-0.03943959019273059,0.04468505365184884,0.935253161584265,0.9155226504539279,0.9253879060190964,0.012872881464790618,0.03181217218705822
202140,854,0.1595680629962707,0.19687681065338425,0.11588960577123844,0.163493054623637,0.21330359786205302,0.053735534865782336,0.13307234428721132,0.6054192124352135,0.3692457783612124,0.00565184146839429,0.04808369339738805
202141,1476,-0.004376610259413511,-0.03370353776311536,-0.029539050459888527,0.0004293247945859977,0.06105315769396189,0.0654297679533754,0.32097975982626087,0.7647932547061231,0.542886507266192,0.007786171087882089,0.057643596865493314
202142,1511,-0.11047950614887807,0.0615215944114261,0.018210832243473817,0.009222841847339536,0.07380379231210646,0.1842832984609845,0.04302080194106888,0.929349474394427,0.48618513816774794,0.007726521242752189,0.17655677721823232
202143,1530,-0.08364227887433243,-0.03343544120408118,0.04250444875972197,0.11656661393703086,0.006337988337640646,0.08998026721197307,0.07319716931531481,0.40912056050524587,0.24115886491028032,0.0037496665790614685,0.0862306006329116
202144,1527,-0.05093097492601929,0.05829198233860172,0.10309910397485897,0.03391137840169534,0.05815821630755516,0.10908919123357445,0.6405039281018262,0.3545626130041912,0.49753327055300867,0.006641213503110819,0.10244797773046363
202145,1565,0.1098027267380801,0.035675771973080604,0.05653436650568906,0.018040961069424388,0.04288550535656814,-0.06691722138151196,0.243175313531661,0.3805230565568303,0.31184918504424564,0.003977292888555741,-0.0708945142700677
202146,1558,-0.14014880036807473,-0.14047136102534113,-0.14522406666742296,-0.12553707091190408,-0.14950796144001793,-0.009359161071943206,0.2578046877066482,0.8455813593119177,0.551693023509283,0.008230551181636181,-0.017589712253579387
202147,1585,0.06890059109407498,0.03988898914756474,0.06373530141152034,0.12050280101422596,0.289593240690617,0.220692649596542,0.9234200268992695,0.762616381490697,0.8430182041949832,0.011735128217903387,0.2089575213786386
202148,1595,-0.029907294247123024,-0.06645668996200813,-0.026687688809058866,-0.014724030754746882,-0.07149652542157686,-0.04158923117445384,0.6402527234939706,0.7209039916752175,0.6805783575845941,0.009622542321159559,-0.0512117734956134
202149,1566,-0.22424732995583493,-0.19337881602995471,-0.2112544379067614,-0.16237953736200106,-0.10348987827410397,0.12075745168173097,0.809041678278219,0.9306909532699066,0.8698663157740628,0.012231743502404274,0.10852570817932669
202150,1566,-0.04415481403086573,0.05452544255329399,-0.003570313266351782,-0.0307660205665506,-0.04458124350284054,-0.0004264294719748124,0.11503581437366012,0.7625700871577352,0.43880295076569764,0.006926243919038216,-0.007352673391013028
202151,1589,0.10638239076854816,0.13778652855342594,0.133551012346093,0.09039912040290733,0.07472043203232288,-0.03166195873622528,0.660760472996707,0.6884654160702233,0.6746129445334652,0.009334004503298538,-0.040995963239523814
202152,1582,-0.027199456594771125,-0.06863851895404277,-0.08479066644139245,-0.0675890784119118,-0.08875224801154497,-0.06155279141677384,0.1483454049835422,0.8832954290137034,0.5158204169986228,0.007807893906909691,-0.06936068532368353
202201,1563,-0.10601749326517776,-0.10920585915397764,-0.11580833940047008,-0.06979843653751083,-0.13363742641643173,-0.027619933151253967,0.8790265520468213,0.6928606984040251,0.7859436252254233,0.010864405886201994,-0.03848433903745596
202202,1566,0.026339039762693986,0.04497594976771827,0.04154746430985603,0.06259857774595864,0.07418384822572777,0.04784480846303378,0.4926421031708333,0.7856116743167632,0.6391268887437982,0.009397625218407762,0.03844718324462602
202203,1529,-0.24975668192602407,-0.24153326698258332,-0.2346503375281249,-0.1807724931593616,-0.2258034213452348,0.023953260580789282,0.6739806091577026,0.7953002267331294,0.734640417945416,0.010294558859275233,0.013658701721514049
202204,1514,-0.0265601938921443,-0.019414406409843245,0.019485483334935345,-0.030553538170098378,-0.1116670108635005,-0.0851068169713562,0.6565114823520135,0.7444414678447854,0.7004764750983994,0.010004341008643731,-0.09511115797999994
202205,1521,0.10447599729692045,0.12145671737870678,0.09294447364977887,0.13286098222751969,0.09722208440576108,-0.00725391289115937,0.9830764908991799,0.8657632767130509,0.9244198838061154,0.012683872560932933,-0.0199377854520923
202206,1546,0.030779301095816187,0.024964922266135097,-0.019266463995428935,0.014737746497056548,0.004468171527494697,-0.02631112956832149,0.3605576460120442,0.8407582483753535,0.6006579471936988,0.008736936513686634,-0.035048066082008125
202207,1540,-0.033669890025207344,-0.05224168599066182,-0.05294493811981597,-0.027996344495829873,-0.05282575277723056,-0.019155862752023217,0.1123757531590915,0.8753222410684142,0.49384899711375285,0.007680365584534037,-0.026836228336557254
202208,1524,-0.11401660809557071,-0.051239712656775516,-0.010773989277399894,-0.022538836553376573,-0.04736367071710299,0.06665293737846772,0.9039371017953175,0.8120751606613377,0.8580061312283276,0.011800655105312759,0.054852282273154966
202209,1521,-0.01898868568523715,-0.035276341727757204,-0.014429987219539713,-0.05547143418123425,-0.017966132127673548,0.0010225535575636019,0.9273038519499897,0.8556149231367324,0.891459387543361,0.012285200005266245,-0.011262646447702643
202210,1504,0.009748640044337377,-0.017956712446782888,-0.031200239470902058,-0.011653085904310958,-0.010572871747836507,-0.020321511792173882,0.3429686997873254,0.9115205612305185,0.627244630508922,0.00943867740460505,-0.029760189196778933
202211,1502,0.060710482491290345,0.08215358172113046,0.08057941321242708,0.09583246920587957,0.054548897676500244,-0.006161584814790101,0.8691403483241533,0.8780643304082736,0.8736023393662135,0.012253347629477353,-0.018414932444267455
202212,1514,0.07158001892001198,0.09988889171455345,0.12594839476063346,0.08776263779204332,0.056811791274321836,-0.014768227645690142,0.9150115219511125,0.6333610238971075,0.77418627292411,0.010378095717132971,-0.025146323362823114
202213,1526,0.13203212838827655,0.14176452538936873,0.08681808737141443,0.14272088405793204,0.06582144731440509,-0.06621068107387146,0.11296528970903094,0.8810874023624101,0.49702634603572055,0.007745848609637209,-0.07395652968350867
202214,1534,-0.04754064652770989,-0.08687102434680484,-0.08928370539642795,-0.1156389136853915,-0.09431624543496794,-0.046775598907258055,0.7082869910106577,0.8913450777138248,0.7998160343622412,0.01130604143143131,-0.058081640338689365
202215,1522,-0.0385215814575538,-0.024484180076840115,-0.03975538036453222,-0.07720277184833685,-0.03916047961755994,-0.0006388981600061391,0.18711088218282892,0.901288427493298,0.5441996548380634,0.008485339547098292,-0.009124237707104431
202216,1515,0.050064000192642635,-0.02592764215606256,-0.019775936175835788,-0.02049276531068346,-0.036602840727166824,-0.08666684091980946,0.7749106816880575,0.8474143382219448,0.8111625099550012,0.011442378933490267,-0.09810921985329973
202217,1493,-0.16014717955397179,-0.13869474465854637,-0.09939523382419739,-0.04466418075696611,-0.006009514840972861,0.15413766471299892,0.7461685581762378,0.8100370330895899,0.7781027956329138,0.010752905648289051,0.14338475906470988
202218,1462,-0.08730009336935048,-0.08101302007639892,-0.08454863539531865,-0.07672638288748432,-0.053000405501601094,0.03429968786774938,0.9405299489665331,0.8228570618586202,0.8816935054125766,0.01222603618866816,0.02207365167908122
202219,1368,-0.40147038813418734,-0.3796020116233405,-0.37483317356926116,-0.20532383988221206,-0.25837146630523516,0.14309892182895217,0.616553413375945,0.9215270796911822,0.7690402465335636,0.011101018373016153,0.131997903455936
202220,1352,0.054338096055213767,0.03507775478922752,-0.028193162234436957,-0.042764750653588285,-0.010393357575151661,-0.06473145363036542,0.6241565102653439,0.7311598870604028,0.6776581986628734,0.009291299746076462,-0.07402275337644189
202221,1346,-0.13217819400557695,-0.10661385812734726,-0.1713880943191602,-0.09987642567299813,-0.022532134200376832,0.10964605980520012,0.32333143686802457,0.7881920479351598,0.5557617424015922,0.00828832694485897,0.10135773286034115
202222,1357,0.18926191005926496,0.1853195627644184,0.18877769762179705,0.12393197652393947,0.10236092393217679,-0.08690098612708817,0.07521357000544218,0.3339216662359034,0.2045676181206728,0.003193689054610156,-0.09009467518169832
